epoch,x,y,z
0,0,0,0
1.53471E+12,-1.824707031,-1.981445313,2.264648438
1.53471E+12,-2.854492188,-2.28515625,3.644042969
1.53471E+12,-3.389648438,-1.503417969,4.422851563
1.53471E+12,-3.215820313,-1.698242188,3.895507813
1.53471E+12,-2.781738281,-3.192871094,2.864257813
1.53471E+12,-2.807128906,-4.086425781,2.307128906
1.53471E+12,-3.189453125,-3.903808594,1.808105469
1.53471E+12,-3.4453125,-2.934570313,1.482421875
1.53471E+12,-2.940429688,-2.028320313,1.272460938
1.53471E+12,-2.50390625,-1.660644531,0.916015625
1.53471E+12,-2.118164063,-1.462402344,0.657714844
1.53471E+12,-1.813476563,-1.28125,0.479492188
1.53471E+12,-1.684570313,-1.354980469,0.337402344
1.53471E+12,-1.599121094,-1.514648438,0.114257813
1.53471E+12,-1.54296875,-1.668457031,-0.077148438
1.53471E+12,-1.495117188,-1.779296875,-0.089355469
1.53471E+12,-1.614746094,-1.890625,-0.03515625
1.53471E+12,-1.749511719,-1.958496094,-0.043457031
1.53471E+12,-1.731445313,-1.978027344,-0.181152344
1.53471E+12,-1.747558594,-1.86328125,-0.240234375
1.53471E+12,-1.832519531,-1.787597656,-0.146484375
1.53471E+12,-1.932617188,-1.916015625,-0.065429688
1.53471E+12,-2.177246094,-1.983886719,0.036132813
1.53471E+12,-2.093261719,-1.968261719,0.057617188
1.53471E+12,-0.973144531,-2.089355469,-0.143066406
1.53471E+12,0.591796875,-2.028320313,-0.5703125
1.53471E+12,2.377441406,-2.118164063,-0.645996094
1.53471E+12,4.849121094,-1.990234375,-1.103027344
1.53471E+12,6.996582031,-1.77734375,-2.317382813
1.53471E+12,6.803710938,-1.714355469,-2.247070313
1.53471E+12,5.227539063,-1.670410156,-1.776367188
1.53471E+12,3.089355469,-1.676269531,-1.299316406
1.53471E+12,0.891113281,-1.932128906,-0.826660156
1.53471E+12,-0.71484375,-2.240722656,-0.568359375
1.53471E+12,-1.782714844,-2.475097656,-0.591796875
1.53471E+12,-2.446777344,-2.517578125,-0.883789063
1.53471E+12,-2.581542969,-2.395019531,-0.579589844
1.53471E+12,-2.148925781,-2.160644531,-0.081054688
1.53471E+12,-1.753417969,-1.932128906,0.01953125
1.53471E+12,-1.739746094,-1.875488281,-0.077148438
1.53471E+12,-1.967773438,-1.973144531,-0.233398438
1.53471E+12,-1.860839844,-2.064453125,-0.342285156
1.53471E+12,-1.579101563,-2.201660156,-0.359375
1.53471E+12,-1.455566406,-2.270507813,-0.208007813
1.53471E+12,-1.483886719,-2.286621094,0.046875
1.53471E+12,-1.450195313,-2.232910156,0.354003906
0,0,0,0
1.53471E+12,-1.364257813,-2.139648438,0.736816406
1.53471E+12,-1.296386719,-1.970214844,1.124023438
1.53471E+12,-1.377929688,-1.923828125,1.832519531
1.53471E+12,-1.534667969,-2.3046875,2.635253906
1.53471E+12,-2.155273438,-3.235351563,3.922363281
1.53471E+12,-3.140625,-4.17578125,5.491699219
1.53471E+12,-3.573242188,-3.971679688,6.279296875
1.53471E+12,-2.705078125,-3.736328125,5.312011719
1.53471E+12,-2.2265625,-3.463867188,3.753417969
1.53471E+12,-2.463378906,-2.406738281,2.90234375
1.53471E+12,-2.282714844,-1.842285156,2.090820313
1.53471E+12,-2.13671875,-1.771972656,1.346191406
1.53471E+12,-1.767578125,-1.998046875,0.756347656
1.53471E+12,-1.453125,-2.178222656,0.344238281
1.53471E+12,-1.313476563,-2.306152344,0.081542969
1.53471E+12,-1.377441406,-2.34375,-0.033203125
1.53471E+12,-1.452636719,-2.327148438,-0.053222656
1.53471E+12,-1.59375,-2.384765625,-0.067871094
1.53471E+12,-1.73828125,-2.494140625,-0.173828125
1.53471E+12,-1.66796875,-2.481933594,-0.302734375
1.53471E+12,-1.571289063,-2.331054688,-0.30078125
1.53471E+12,-1.576660156,-2.235839844,-0.1640625
1.53471E+12,-1.607910156,-2.257324219,-0.043457031
1.53471E+12,-1.468261719,-2.330078125,-0.071777344
1.53471E+12,-1.153808594,-2.225585938,-0.240234375
1.53471E+12,-0.381347656,-2.083007813,-0.658203125
1.53471E+12,1.599121094,-1.755371094,-1.441894531
1.53471E+12,3.877441406,-0.356933594,-1.777832031
1.53471E+12,4.271484375,1.616210938,-0.303710938
1.53471E+12,3.4296875,0.048828125,-0.265136719
1.53471E+12,8.1875,-1.656738281,-1.524414063
1.53471E+12,6.631347656,0.133789063,-2.354003906
1.53471E+12,3.035644531,-1.165039063,-1.657714844
1.53471E+12,0.70703125,-2.169921875,-0.070800781
1.53471E+12,-0.681152344,-2.041992188,-0.220703125
1.53471E+12,-0.604492188,-2.197753906,-1.212402344
1.53471E+12,-2.32421875,-2.393066406,-1.026855469
1.53471E+12,-1.900878906,-2.1640625,-0.437011719
1.53471E+12,-1.328613281,-1.481445313,-0.388183594
1.53471E+12,-1.493652344,-1.387695313,-0.706542969
1.53471E+12,-1.577636719,-1.350097656,-0.903808594
1.53471E+12,-1.759765625,-1.280761719,-0.890136719
1.53471E+12,-1.618164063,-1.290039063,-0.654785156
1.53471E+12,-1.335449219,-1.335449219,-0.440429688
1.53471E+12,-1.235839844,-1.363769531,-0.384277344
1.53471E+12,-1.214355469,-1.400390625,-0.455078125
1.53471E+12,-1.134277344,-1.486816406,-0.541992188
1.53471E+12,-1.211425781,-1.596679688,-0.532714844
1.53471E+12,-1.329589844,-1.750488281,-0.448730469
1.53471E+12,-1.435546875,-1.962890625,-0.135742188
0,0,0,0
1.53471E+12,-1.80078125,-2.130859375,0.496582031
1.53471E+12,-2.091308594,-2.199707031,1.049316406
1.53471E+12,-2.834960938,-2.590332031,1.481445313
1.53471E+12,-4.346191406,-3.1015625,3.278808594
1.53471E+12,-5.544433594,-3.369140625,5.721679688
1.53471E+12,-4.909179688,-3.794921875,4.388671875
1.53471E+12,-4.121582031,-4.566894531,1.770996094
1.53471E+12,-3.185546875,-3.806640625,2.022949219
1.53471E+12,-2.937011719,-2.594238281,1.602050781
1.53471E+12,-2.761230469,-1.887207031,0.56640625
1.53471E+12,-2.048339844,-1.268554688,0.5703125
1.53471E+12,-1.8828125,-1.274414063,0.552246094
1.53471E+12,-1.740722656,-1.529296875,0.190429688
1.53471E+12,-1.547851563,-1.786132813,-0.033691406
1.53471E+12,-1.561523438,-2.081542969,-0.248046875
1.53471E+12,-1.6484375,-2.316894531,-0.370117188
1.53471E+12,-1.456542969,-2.450195313,-0.337890625
1.53471E+12,-1.293945313,-2.546875,-0.262695313
1.53471E+12,-1.12109375,-2.551757813,-0.290039063
1.53471E+12,-1.062988281,-2.323730469,-0.383300781
1.53471E+12,-0.991699219,-2.114257813,-0.310546875
1.53471E+12,-0.945800781,-2.027832031,-0.193359375
1.53471E+12,-1.145019531,-2.151367188,-0.198730469
1.53471E+12,-1.236816406,-2.228515625,-0.068847656
1.53471E+12,-0.98046875,-2.317382813,0.039550781
1.53471E+12,-0.540527344,-2.286132813,0.0078125
1.53471E+12,0.104980469,-1.904296875,-0.202148438
1.53471E+12,0.985351563,-1.192382813,-0.839355469
1.53471E+12,2.496582031,-0.614257813,-1.092285156
1.53471E+12,5.012695313,-0.506347656,-2.114746094
1.53471E+12,6.4140625,-0.106933594,-4.014160156
1.53471E+12,7.031738281,0.236328125,-4.655761719
1.53471E+12,5.381835938,-0.323242188,-2.91015625
1.53471E+12,2.176269531,-1.060058594,-1.465332031
1.53471E+12,-0.104492188,-2.070800781,-0.870117188
1.53471E+12,-1.374511719,-2.744628906,-0.697265625
1.53471E+12,-2.380371094,-2.626953125,-0.301757813
1.53471E+12,-1.933105469,-2.452636719,0.254394531
1.53471E+12,-1.65234375,-2.106445313,0.298339844
1.53471E+12,-1.692382813,-1.774414063,0.142089844
1.53471E+12,-1.686523438,-1.642089844,0.068847656
1.53471E+12,-1.812988281,-1.657714844,-0.049804688
1.53471E+12,-1.794921875,-1.662597656,-0.069824219
1.53471E+12,-1.688476563,-1.650390625,0.014648438
1.53471E+12,-1.553222656,-1.649902344,0.062988281
1.53471E+12,-1.224609375,-1.6015625,0.027832031
1.53471E+12,-1.02734375,-1.602050781,-0.08984375
1.53471E+12,-1.080566406,-1.661132813,-0.126953125
1.53471E+12,-1.272949219,-1.875488281,-0.228027344
1.53471E+12,-1.712890625,-2.18359375,0.590820313
0,0,0,0
1.53471E+12,-1.801757813,-2.364746094,2.328125
1.53471E+12,-1.713867188,-2.211425781,2.355957031
1.53471E+12,-2.771972656,-3.014648438,2.58984375
1.53471E+12,-4.66015625,-3.461425781,3.599121094
1.53471E+12,-5.528320313,-3.379394531,3.796386719
1.53471E+12,-4.996582031,-3.730957031,3.118164063
1.53471E+12,-4.229980469,-3.844726563,1.662597656
1.53471E+12,-3.997070313,-2.653808594,1.061035156
1.53471E+12,-3.460449219,-1.83203125,0.966308594
1.53471E+12,-2.727539063,-1.5,0.621582031
1.53471E+12,-2.197265625,-1.442382813,0.206542969
1.53471E+12,-1.815917969,-1.618164063,-0.020019531
1.53471E+12,-1.657714844,-1.859375,-0.256347656
1.53471E+12,-1.609375,-2.190917969,-0.460449219
1.53471E+12,-1.602539063,-2.440429688,-0.565429688
1.53471E+12,-1.450683594,-2.485351563,-0.499023438
1.53471E+12,-1.392578125,-2.5546875,-0.413574219
1.53471E+12,-1.606933594,-2.56640625,-0.440429688
1.53471E+12,-1.664550781,-2.661132813,-0.48046875
1.53471E+12,-1.468261719,-2.688476563,-0.40625
1.53471E+12,-1.366210938,-2.549804688,-0.288574219
1.53471E+12,-1.424316406,-2.462402344,-0.209472656
1.53471E+12,-1.552734375,-2.674316406,-0.178222656
1.53471E+12,-1.097167969,-2.806152344,-0.223144531
1.53471E+12,-0.177734375,-2.647949219,-0.439453125
1.53471E+12,0.859863281,-2.131835938,-0.682128906
1.53471E+12,2.113769531,-1.305175781,-0.584960938
1.53471E+12,3.998535156,-0.492675781,-1.080078125
1.53471E+12,5.867675781,-0.046875,-2.455566406
1.53471E+12,6.502929688,0.254394531,-3.000488281
1.53471E+12,5.616699219,0.063964844,-2.86328125
1.53471E+12,3.707519531,-0.385253906,-2.190429688
1.53471E+12,1.622558594,-1.012207031,-1.471679688
1.53471E+12,0.215820313,-1.637695313,-0.958496094
1.53471E+12,-0.696777344,-2.078125,-0.646484375
1.53471E+12,-1.617675781,-2.263183594,-0.310546875
1.53471E+12,-1.897949219,-2.233398438,-0.053710938
1.53471E+12,-1.94140625,-2.106933594,-0.001953125
1.53471E+12,-1.982421875,-2.012207031,-0.0390625
1.53471E+12,-1.970214844,-1.969726563,0.020996094
1.53471E+12,-1.9375,-1.89453125,0.102050781
1.53471E+12,-1.899414063,-1.814941406,0.111328125
1.53471E+12,-1.790527344,-1.798828125,0.109375
1.53471E+12,-1.713867188,-1.745605469,0.149902344
1.53471E+12,-1.624511719,-1.677734375,0.150390625
1.53471E+12,-1.437988281,-1.604003906,0.099609375
1.53471E+12,-1.291503906,-1.590820313,0.208496094
1.53471E+12,-1.407714844,-1.565429688,0.589355469
1.53471E+12,-1.580566406,-1.491699219,1.098144531
0,0,0,0
1.53471E+12,-1.580078125,-1.557128906,1.633789063
1.53471E+12,-2.105957031,-2.043945313,2.121582031
1.53471E+12,-3.216796875,-2.355957031,3.444335938
1.53471E+12,-4.508789063,-2.299316406,5.509277344
1.53471E+12,-4.1875,-2.803710938,5.029785156
1.53471E+12,-2.46875,-4.140625,3.64453125
1.53471E+12,-2.887207031,-3.95703125,2.840332031
1.53471E+12,-3.666503906,-2.798339844,1.868652344
1.53471E+12,-3.208496094,-1.753417969,1.477050781
1.53471E+12,-2.442382813,-1.3515625,1.145507813
1.53471E+12,-2.021972656,-1.212402344,0.660644531
1.53471E+12,-1.578125,-1.288574219,0.370117188
1.53471E+12,-1.599609375,-1.405761719,0.086425781
1.53471E+12,-1.573242188,-1.613769531,-0.154296875
1.53471E+12,-1.491699219,-1.826660156,-0.23046875
1.53471E+12,-1.485351563,-1.895507813,-0.228515625
1.53471E+12,-1.563964844,-1.981933594,-0.202636719
1.53471E+12,-1.789550781,-2.126464844,-0.16015625
1.53471E+12,-1.917480469,-2.241210938,-0.162597656
1.53471E+12,-1.909667969,-2.244628906,-0.307128906
1.53471E+12,-1.755371094,-2.038085938,-0.325683594
1.53471E+12,-1.545898438,-1.849609375,-0.099121094
1.53471E+12,-1.481445313,-1.809570313,0.080566406
1.53471E+12,-1.4296875,-1.90234375,0.067382813
1.53471E+12,-1.050292969,-2.010742188,-0.128417969
1.53471E+12,0.026855469,-1.894042969,-0.606445313
1.53471E+12,1.391601563,-1.499023438,-1.418945313
1.53471E+12,2.922363281,-0.538085938,-2.082519531
1.53471E+12,4.478515625,-0.688964844,-2.951171875
1.53471E+12,5.591308594,-1.104980469,-3.846679688
1.53471E+12,4.682617188,-0.775878906,-4.180175781
1.53471E+12,3.688964844,-0.788574219,-3.21484375
1.53471E+12,1.979492188,-1.2109375,-1.708984375
1.53471E+12,0.165039063,-1.591796875,-0.6640625
1.53471E+12,-0.895019531,-1.737792969,-0.137207031
1.53471E+12,-1.569335938,-1.751464844,0.1171875
1.53471E+12,-1.858886719,-1.939941406,-0.117675781
1.53471E+12,-2.495605469,-2.309570313,-0.11328125
1.53471E+12,-2.651855469,-2.3125,0.316894531
1.53471E+12,-2.479492188,-1.943359375,0.340332031
1.53471E+12,-2.171386719,-1.654296875,0.166992188
1.53471E+12,-1.84375,-1.4765625,0.041992188
1.53471E+12,-1.646972656,-1.41015625,0.0078125
1.53471E+12,-1.461914063,-1.395019531,0.009765625
1.53471E+12,-1.302246094,-1.41796875,0
1.53471E+12,-1.202636719,-1.517089844,-0.057617188
0,0,0,0
1.53471E+12,-1.276855469,-1.631347656,-0.041503906
1.53471E+12,-1.28125,-1.758300781,0.301269531
1.53471E+12,-1.415039063,-1.632324219,1.078125
1.53471E+12,-1.526367188,-1.590332031,2.006347656
1.53471E+12,-1.688964844,-2.242675781,2.806152344
1.53471E+12,-1.681640625,-3.158203125,3.680175781
1.53471E+12,-2.229003906,-4.091796875,4.934570313
1.53471E+12,-2.9609375,-4.184570313,5.681152344
1.53471E+12,-2.708496094,-3.935546875,4.854492188
1.53471E+12,-2.621582031,-3.875488281,3.407226563
1.53471E+12,-2.870117188,-2.936523438,2.605957031
1.53471E+12,-2.509765625,-2.196289063,1.989257813
1.53471E+12,-2.163085938,-1.797363281,1.483398438
1.53471E+12,-1.863769531,-1.729003906,1.03515625
1.53471E+12,-1.686523438,-1.854492188,0.603515625
1.53471E+12,-1.642089844,-2.01171875,0.259277344
1.53471E+12,-1.662109375,-2.165527344,0.054199219
1.53471E+12,-1.744628906,-2.309082031,-0.037109375
1.53471E+12,-1.733886719,-2.416503906,-0.065429688
1.53471E+12,-1.780273438,-2.451660156,-0.092285156
1.53471E+12,-1.931640625,-2.496582031,-0.130371094
1.53471E+12,-1.903320313,-2.503417969,-0.16015625
1.53471E+12,-1.8125,-2.40625,-0.104492188
1.53471E+12,-1.830078125,-2.291015625,0.032226563
1.53471E+12,-1.701660156,-2.262695313,0.08203125
1.53471E+12,-1.365722656,-2.245117188,-0.115722656
1.53471E+12,-0.900878906,-2.184570313,-0.268554688
1.53471E+12,0.455566406,-2.184570313,-0.372070313
1.53471E+12,1.868164063,-1.770996094,-0.950195313
1.53471E+12,1.898925781,-1.381347656,-2.075195313
1.53471E+12,4.518554688,-0.877441406,-1.417480469
1.53471E+12,6.561523438,-0.429199219,-0.732910156
1.53471E+12,6.637695313,-0.471679688,-1.416503906
1.53471E+12,5.088867188,-0.188964844,-1.936523438
1.53471E+12,3.376464844,-0.541015625,-1.166503906
1.53471E+12,1.672363281,-1.14453125,-0.322753906
1.53471E+12,0.348632813,-1.544921875,-0.164550781
1.53471E+12,-0.578613281,-1.969726563,-0.357910156
1.53471E+12,-1.169433594,-2.421875,-0.53125
1.53471E+12,-1.725097656,-2.493164063,-0.622070313
1.53471E+12,-2.034667969,-2.435546875,-0.458496094
1.53471E+12,-2.072265625,-2.186035156,-0.356933594
1.53471E+12,-2.039550781,-2.023925781,-0.426757813
1.53471E+12,-1.947265625,-1.91796875,-0.4609375
1.53471E+12,-1.869628906,-1.770507813,-0.428710938
1.53471E+12,-1.828125,-1.703613281,-0.344726563
1.53471E+12,-1.698242188,-1.672851563,-0.2734375
1.53471E+12,-1.520019531,-1.603027344,-0.250488281
1.53471E+12,-1.4375,-1.562011719,-0.250976563
1.53471E+12,-1.408691406,-1.612792969,-0.204101563
0,0,0,0
1.53471E+12,-1.435546875,-1.734863281,0.021484375
1.53471E+12,-1.447753906,-1.606445313,0.525878906
1.53471E+12,-1.688476563,-1.195800781,1.159667969
1.53471E+12,-1.982910156,-1.294921875,2.273925781
1.53471E+12,-2.2578125,-2.0234375,3.3984375
1.53471E+12,-3.209960938,-3.155761719,3.789550781
1.53471E+12,-4.340820313,-4.486816406,4.189453125
1.53471E+12,-4.644042969,-4.614257813,3.791015625
1.53471E+12,-3.833984375,-4.280273438,2.639160156
1.53471E+12,-3.979003906,-3.487304688,1.66796875
1.53471E+12,-3.376953125,-2.641601563,0.918945313
1.53471E+12,-2.736816406,-2.077148438,0.293457031
1.53471E+12,-2.223632813,-1.761230469,0.010742188
1.53471E+12,-1.813476563,-1.728515625,-0.09375
1.53471E+12,-1.651367188,-1.877441406,-0.202148438
1.53471E+12,-1.557617188,-2.107421875,-0.336425781
1.53471E+12,-1.471679688,-2.328125,-0.5078125
1.53471E+12,-1.415527344,-2.401367188,-0.6171875
1.53471E+12,-1.414550781,-2.387695313,-0.631347656
1.53471E+12,-1.413574219,-2.383300781,-0.596191406
1.53471E+12,-1.44140625,-2.395019531,-0.613769531
1.53471E+12,-1.44921875,-2.332519531,-0.645507813
1.53471E+12,-1.430664063,-2.22265625,-0.5546875
1.53471E+12,-1.381835938,-2.146484375,-0.391113281
1.53471E+12,-1.319335938,-2.127929688,-0.266601563
1.53471E+12,-1.207519531,-2.189941406,-0.177246094
1.53471E+12,-0.928222656,-2.242675781,-0.181640625
1.53471E+12,-0.029296875,-2.284179688,-0.383789063
1.53471E+12,1.594726563,-1.988769531,-1.075195313
1.53471E+12,2.498535156,-0.625488281,-2.162109375
1.53471E+12,3.387695313,0.631347656,-1.532714844
1.53471E+12,5.784179688,0.028808594,-0.678222656
1.53471E+12,7.084472656,-0.859375,-1.423339844
1.53471E+12,5.369140625,-0.247558594,-2.614257813
1.53471E+12,3.626953125,-0.952636719,-1.655761719
1.53471E+12,1.710449219,-1.806152344,-0.379394531
1.53471E+12,0.102539063,-2.0703125,-0.615722656
1.53471E+12,-0.910644531,-2.490722656,-0.419433594
1.53471E+12,-1.629394531,-2.400390625,-0.0234375
1.53471E+12,-1.602050781,-2.030273438,0.189941406
1.53471E+12,-1.770507813,-1.730957031,0.079589844
1.53471E+12,-1.921386719,-1.529296875,-0.079589844
1.53471E+12,-1.729980469,-1.431152344,-0.149902344
1.53471E+12,-1.479492188,-1.369628906,-0.198730469
1.53471E+12,-1.422851563,-1.366210938,-0.23828125
1.53471E+12,-1.479980469,-1.431152344,-0.244140625
1.53471E+12,-1.513183594,-1.498046875,-0.176269531
1.53471E+12,-1.465332031,-1.549804688,-0.116210938
1.53471E+12,-1.305175781,-1.590332031,-0.138671875
1.53471E+12,-1.374023438,-1.649414063,-0.195800781
1.53471E+12,-1.631347656,-1.728515625,-0.122070313
0,0,0,0
1.53471E+12,-1.592773438,-1.611328125,0.229003906
1.53471E+12,-1.89453125,-1.51171875,0.818359375
1.53471E+12,-3.149902344,-1.666503906,1.866699219
1.53471E+12,-3.302246094,-1.970703125,3.03125
1.53471E+12,-3.324707031,-3.053222656,4.560058594
1.53471E+12,-3.724609375,-3.55078125,5.7734375
1.53471E+12,-3.860351563,-3.661132813,4.520996094
1.53471E+12,-4.008300781,-3.513671875,2.831054688
1.53471E+12,-3.958007813,-2.480957031,2.040527344
1.53471E+12,-3.180175781,-1.73828125,1.64453125
1.53471E+12,-2.479980469,-1.420898438,1.245605469
1.53471E+12,-2.176757813,-1.301757813,0.816894531
1.53471E+12,-1.948242188,-1.412597656,0.440429688
1.53471E+12,-1.701171875,-1.577148438,0.192382813
1.53471E+12,-1.586914063,-1.716308594,-0.042480469
1.53471E+12,-1.559082031,-1.885742188,-0.1796875
1.53471E+12,-1.57421875,-1.984375,-0.268554688
1.53471E+12,-1.649414063,-2.027832031,-0.360351563
1.53471E+12,-1.740722656,-2.111328125,-0.412597656
1.53471E+12,-1.791503906,-2.165527344,-0.440917969
1.53471E+12,-1.784179688,-2.123535156,-0.467285156
1.53471E+12,-1.841796875,-2.018066406,-0.467773438
1.53471E+12,-2.0625,-2.034667969,-0.456542969
1.53471E+12,-2.121582031,-2.198242188,-0.405761719
1.53471E+12,-1.859863281,-2.413085938,-0.327148438
1.53471E+12,-1.593261719,-2.40625,-0.255371094
1.53471E+12,-0.49609375,-2.232421875,-0.483886719
1.53471E+12,1.84765625,-2.053222656,-1.3046875
1.53471E+12,3.763183594,-1.460449219,-2.272949219
1.53471E+12,5.888183594,-1.074707031,-3.406738281
1.53471E+12,6.5859375,-1.023925781,-3.922851563
1.53471E+12,5.501953125,-0.974121094,-3.727050781
1.53471E+12,3.869140625,-1.069824219,-2.749023438
1.53471E+12,1.656738281,-1.430175781,-1.407714844
1.53471E+12,-0.065429688,-1.854980469,-0.490722656
1.53471E+12,-0.876953125,-2.072265625,-0.201660156
1.53471E+12,-1.732421875,-2.241699219,-0.110351563
1.53471E+12,-2.125976563,-2.425292969,-0.189453125
1.53471E+12,-2.42578125,-2.44140625,-0.119140625
1.53471E+12,-2.396972656,-2.273925781,0.176269531
1.53471E+12,-2.179199219,-1.999511719,0.234375
1.53471E+12,-1.993652344,-1.77734375,0.131347656
1.53471E+12,-1.8046875,-1.608886719,0.07421875
1.53471E+12,-1.536621094,-1.499511719,-0.041015625
1.53471E+12,-1.424316406,-1.508300781,-0.141113281
1.53471E+12,-1.47265625,-1.625,-0.108398438
1.53471E+12,-1.537109375,-1.668457031,-0.046875
0,0,0,0
1.53471E+12,-1.405761719,-1.502441406,0.113769531
1.53471E+12,-1.328613281,-1.324707031,0.637207031
1.53471E+12,-1.841308594,-1.2578125,1.473632813
1.53471E+12,-2.081542969,-1.12109375,2.053222656
1.53471E+12,-2.116210938,-1.533691406,2.193359375
1.53471E+12,-2.730957031,-2.655761719,2.948242188
1.53471E+12,-3.652832031,-3.489257813,4.181640625
1.53471E+12,-3.759277344,-3.583007813,4.6796875
1.53471E+12,-3.253417969,-3.447753906,4.008789063
1.53471E+12,-3.385253906,-3.411132813,2.752441406
1.53471E+12,-3.40234375,-2.545410156,1.900390625
1.53471E+12,-3.03125,-1.569824219,1.381835938
1.53471E+12,-2.563476563,-1.152832031,1.05078125
1.53471E+12,-2.198730469,-1.139160156,0.628417969
1.53471E+12,-1.853515625,-1.276367188,0.268066406
1.53471E+12,-1.627441406,-1.437011719,-0.014160156
1.53471E+12,-1.565917969,-1.620605469,-0.255859375
1.53471E+12,-1.786621094,-1.785644531,-0.395507813
1.53471E+12,-1.718261719,-1.946289063,-0.395019531
1.53471E+12,-1.587402344,-2.044921875,-0.331542969
1.53471E+12,-1.787109375,-2.107910156,-0.313964844
1.53471E+12,-2.0546875,-2.1875,-0.385742188
1.53471E+12,-1.937011719,-2.289550781,-0.462402344
1.53471E+12,-1.915039063,-2.240722656,-0.389648438
1.53471E+12,-2.1171875,-2.29296875,-0.177734375
1.53471E+12,-2.107910156,-2.460449219,-0.018066406
1.53471E+12,-1.854492188,-2.545898438,0.037109375
1.53471E+12,-1.104492188,-2.556640625,-0.200195313
1.53471E+12,0.759765625,-2.390136719,-1.095703125
1.53471E+12,3.15625,-1.727050781,-2.034667969
1.53471E+12,4.684570313,-1.084472656,-3.250488281
1.53471E+12,6.607910156,-1.249023438,-4.106445313
1.53471E+12,5.994140625,-1.210449219,-4.237304688
1.53471E+12,4.329101563,-1.299316406,-3.475097656
1.53471E+12,2.390136719,-1.633789063,-1.831542969
1.53471E+12,0.304199219,-2.16796875,-0.700683594
1.53471E+12,-0.911132813,-2.236816406,-0.259277344
1.53471E+12,-1.389648438,-2.241699219,-0.147949219
1.53471E+12,-2.024902344,-2.553222656,-0.270507813
1.53471E+12,-2.643554688,-2.621582031,0.070800781
1.53471E+12,-2.666992188,-2.385742188,0.340820313
1.53471E+12,-2.5234375,-2.079101563,0.066894531
1.53471E+12,-2.409179688,-1.7734375,-0.292480469
1.53471E+12,-2.171875,-1.520019531,-0.272949219
1.53471E+12,-1.915039063,-1.439453125,-0.126464844
1.53471E+12,-1.69921875,-1.458496094,-0.054199219
1.53471E+12,-1.538574219,-1.489257813,-0.025390625
1.53471E+12,-1.462402344,-1.625488281,0.012695313
1.53471E+12,-1.445800781,-1.654296875,0.209472656
1.53471E+12,-1.422363281,-1.424316406,0.631347656
0,0,0,0
1.53471E+12,-1.417480469,-1.026367188,1.103515625
1.53471E+12,-1.946777344,-0.921386719,1.416015625
1.53471E+12,-2.915527344,-1.356933594,1.862304688
1.53471E+12,-4.296386719,-1.777832031,2.551269531
1.53471E+12,-5.447265625,-1.979980469,2.966796875
1.53471E+12,-5.494628906,-2.803710938,1.830566406
1.53471E+12,-5.447753906,-3.362792969,0.085449219
1.53471E+12,-5.045898438,-3.166992188,-0.5625
1.53471E+12,-4.296386719,-2.776367188,-0.412109375
1.53471E+12,-3.451171875,-2.21484375,-0.446289063
1.53471E+12,-2.916992188,-1.738769531,-0.698730469
1.53471E+12,-2.518066406,-1.450683594,-0.763183594
1.53471E+12,-2.017089844,-1.365234375,-0.6953125
1.53471E+12,-1.618164063,-1.401855469,-0.541992188
1.53471E+12,-1.489746094,-1.552734375,-0.58984375
1.53471E+12,-1.409179688,-1.7265625,-0.696289063
1.53471E+12,-1.439453125,-1.856933594,-0.766113281
1.53471E+12,-1.504882813,-1.919921875,-0.814453125
1.53471E+12,-1.524902344,-1.950195313,-0.853515625
1.53471E+12,-1.561523438,-1.954101563,-0.854003906
1.53471E+12,-1.604492188,-1.937011719,-0.764648438
1.53471E+12,-1.532714844,-1.880859375,-0.634765625
1.53471E+12,-1.546875,-1.812988281,-0.576660156
1.53471E+12,-1.513183594,-1.818359375,-0.561523438
1.53471E+12,-1.458007813,-1.822753906,-0.501464844
1.53471E+12,-1.286132813,-1.856445313,-0.411132813
1.53471E+12,-0.595214844,-1.798339844,-0.425292969
1.53471E+12,0.6640625,-1.521484375,-0.854003906
1.53471E+12,2.610839844,-0.970214844,-1.673339844
1.53471E+12,3.849609375,-0.00390625,-2.545410156
1.53471E+12,5.041503906,-0.587402344,-3.083007813
1.53471E+12,5.491210938,-1.231445313,-3.245117188
1.53471E+12,4.166503906,-0.727050781,-3.434082031
1.53471E+12,3.110351563,-0.671875,-2.737792969
1.53471E+12,1.546875,-1.138671875,-1.451171875
1.53471E+12,0.068359375,-1.760742188,-0.691894531
1.53471E+12,-0.854003906,-1.990722656,-0.338378906
1.53471E+12,-1.669433594,-2.076171875,-0.139648438
1.53471E+12,-2.300292969,-2.123046875,-0.256835938
1.53471E+12,-2.657714844,-2.0625,-0.3203125
1.53471E+12,-2.612304688,-1.938964844,-0.224609375
1.53471E+12,-2.432617188,-1.748046875,-0.1875
1.53471E+12,-2.16796875,-1.538574219,-0.157714844
1.53471E+12,-2.093261719,-1.431640625,-0.115722656
1.53471E+12,-1.927734375,-1.411132813,-0.02734375
1.53471E+12,-1.630859375,-1.330078125,-0.004882813
1.53471E+12,-1.370117188,-1.278808594,-0.132324219
1.53471E+12,-1.318359375,-1.416503906,-0.22265625
0,0,0,0
1.53471E+12,-1.416503906,-1.67578125,0.081054688
1.53471E+12,-1.409179688,-1.73046875,0.775390625
1.53471E+12,-1.362792969,-1.781738281,1.754394531
1.53471E+12,-1.840820313,-2.241699219,2.415527344
1.53471E+12,-2.852539063,-3.080078125,2.405761719
1.53471E+12,-4.493652344,-3.606933594,2.781738281
1.53471E+12,-5.603027344,-3.798828125,3.221191406
1.53471E+12,-5.009277344,-3.609863281,3.345703125
1.53471E+12,-4.254882813,-3.463378906,2.5703125
1.53471E+12,-3.755859375,-2.870117188,1.462402344
1.53471E+12,-3.337402344,-2.072265625,1.012207031
1.53471E+12,-2.926757813,-1.575195313,0.79296875
1.53471E+12,-2.474121094,-1.415039063,0.490722656
1.53471E+12,-2.0546875,-1.457519531,0.200683594
1.53471E+12,-1.730957031,-1.586914063,-0.042480469
1.53471E+12,-1.611816406,-1.775390625,-0.259765625
1.53471E+12,-1.583007813,-1.947265625,-0.431152344
1.53471E+12,-1.612792969,-2.067871094,-0.490234375
1.53471E+12,-1.556152344,-2.12890625,-0.439453125
1.53471E+12,-1.607910156,-2.178710938,-0.415039063
1.53471E+12,-1.69921875,-2.220703125,-0.461425781
1.53471E+12,-1.774902344,-2.188964844,-0.541015625
1.53471E+12,-1.698730469,-2.154296875,-0.493164063
1.53471E+12,-1.574707031,-2.099609375,-0.364257813
1.53471E+12,-1.543457031,-2.145996094,-0.273925781
1.53471E+12,-1.393554688,-2.3203125,-0.264160156
1.53471E+12,-1.028320313,-2.363769531,-0.429199219
1.53471E+12,-0.331542969,-2.095703125,-0.595703125
1.53471E+12,1.245605469,-1.630371094,-0.919921875
1.53471E+12,2.84375,-0.630859375,-1.331054688
1.53471E+12,4.386230469,-0.191894531,-1.929199219
1.53471E+12,5.98828125,-0.665527344,-2.829589844
1.53471E+12,6.18359375,-0.50390625,-3.119140625
1.53471E+12,4.95703125,-0.438964844,-2.660644531
1.53471E+12,3.211425781,-0.985839844,-1.583984375
1.53471E+12,1.078613281,-1.631835938,-0.637207031
1.53471E+12,-0.255371094,-2.131347656,-0.408691406
1.53471E+12,-1.150878906,-2.215332031,-0.580078125
1.53471E+12,-2.066894531,-2.335449219,-0.427246094
1.53471E+12,-2.400390625,-2.401855469,-0.180664063
1.53471E+12,-2.510253906,-2.229492188,-0.18359375
1.53471E+12,-2.815429688,-2.037597656,-0.409179688
1.53471E+12,-2.560058594,-1.756347656,-0.4921875
1.53471E+12,-2.280273438,-1.579101563,-0.451660156
1.53471E+12,-2.029785156,-1.490722656,-0.374511719
1.53471E+12,-1.741699219,-1.498535156,-0.343261719
0,0,0,0
1.53471E+12,-1.553222656,-1.526855469,-0.344238281
1.53471E+12,-1.474609375,-1.604980469,-0.34375
1.53471E+12,-1.541015625,-1.673828125,-0.124511719
1.53471E+12,-1.740722656,-1.487792969,0.414550781
1.53471E+12,-1.953125,-1.341796875,1.362304688
1.53471E+12,-2.011230469,-1.565917969,2.520019531
1.53471E+12,-1.869628906,-2.135742188,3.421875
1.53471E+12,-2.163085938,-2.834472656,4.148925781
1.53471E+12,-2.988769531,-3.473632813,4.916503906
1.53471E+12,-3.266601563,-3.831054688,4.720214844
1.53471E+12,-3.059570313,-3.915039063,3.681152344
1.53471E+12,-3.060058594,-3.750488281,2.757324219
1.53471E+12,-3.06640625,-2.841308594,1.837402344
1.53471E+12,-2.788574219,-2.077148438,1.1953125
1.53471E+12,-2.350097656,-1.678222656,0.763183594
1.53471E+12,-1.913574219,-1.527832031,0.454589844
1.53471E+12,-1.657226563,-1.510253906,0.313476563
1.53471E+12,-1.539550781,-1.578613281,0.129882813
1.53471E+12,-1.534179688,-1.749023438,-0.125488281
1.53471E+12,-1.617675781,-1.889160156,-0.303222656
1.53471E+12,-1.608398438,-1.953613281,-0.361328125
1.53471E+12,-1.661132813,-2.012695313,-0.395996094
1.53471E+12,-1.677734375,-2.056152344,-0.413574219
1.53471E+12,-1.680664063,-2.078613281,-0.428710938
1.53471E+12,-1.728515625,-2.057617188,-0.411621094
1.53471E+12,-1.743164063,-2.008300781,-0.387207031
1.53471E+12,-1.741699219,-1.963378906,-0.369140625
1.53471E+12,-1.735351563,-2.002441406,-0.32421875
1.53471E+12,-1.598144531,-2.099121094,-0.233886719
1.53471E+12,-1.0078125,-2.139160156,-0.307617188
1.53471E+12,0.417480469,-1.920898438,-0.839355469
1.53471E+12,2.155273438,-1.221191406,-1.344726563
1.53471E+12,3.548828125,-0.540527344,-1.943359375
1.53471E+12,5.700683594,-0.661132813,-3.21875
1.53471E+12,6.519042969,-0.448730469,-3.55078125
1.53471E+12,5.387207031,-0.295410156,-3.410644531
1.53471E+12,3.749511719,-0.739746094,-2.157714844
1.53471E+12,1.450683594,-1.439941406,-0.960449219
1.53471E+12,-0.066894531,-2.095703125,-0.724609375
1.53471E+12,-1.330078125,-2.334472656,-0.666503906
1.53471E+12,-2.287597656,-2.435546875,-0.46484375
1.53471E+12,-2.395019531,-2.346679688,-0.284179688
1.53471E+12,-2.372070313,-2.180664063,-0.25390625
1.53471E+12,-2.375976563,-1.991699219,-0.309570313
1.53471E+12,-2.146972656,-1.592285156,-0.390136719
1.53471E+12,-1.840332031,-1.361328125,-0.444335938
1.53471E+12,-1.693847656,-1.343261719,-0.374511719
0,0,0,0
1.53471E+12,-1.597167969,-1.416015625,-0.259277344
1.53471E+12,-1.447265625,-1.46484375,-0.156738281
1.53471E+12,-1.2890625,-1.497558594,-0.077148438
1.53471E+12,-1.270507813,-1.429199219,0.104980469
1.53471E+12,-1.435058594,-1.25,0.49609375
1.53471E+12,-1.516113281,-1.064941406,1.103027344
1.53471E+12,-1.618164063,-0.978515625,1.693847656
1.53471E+12,-1.948730469,-1.2578125,2.126464844
1.53471E+12,-2.415039063,-2.276367188,2.73828125
1.53471E+12,-2.706054688,-3.271972656,3.348144531
1.53471E+12,-2.912109375,-3.978515625,3.60546875
1.53471E+12,-2.845703125,-3.983886719,3.861816406
1.53471E+12,-2.514160156,-3.724121094,3.44921875
1.53471E+12,-2.549316406,-3.303222656,2.659179688
1.53471E+12,-2.689453125,-2.298339844,2.041015625
1.53471E+12,-2.453613281,-1.555664063,1.659667969
1.53471E+12,-2.169433594,-1.198242188,1.23828125
1.53471E+12,-1.939941406,-1.147460938,0.829101563
1.53471E+12,-1.686523438,-1.3046875,0.504882813
1.53471E+12,-1.497070313,-1.547851563,0.12890625
1.53471E+12,-1.530761719,-1.748046875,-0.145507813
1.53471E+12,-1.513183594,-1.80078125,-0.183105469
1.53471E+12,-1.478027344,-1.864746094,-0.16015625
1.53471E+12,-1.608398438,-1.911621094,-0.218261719
1.53471E+12,-1.712402344,-1.943847656,-0.337890625
1.53471E+12,-1.752929688,-1.958496094,-0.482421875
1.53471E+12,-1.685546875,-1.894042969,-0.53515625
1.53471E+12,-1.585449219,-1.811523438,-0.395507813
1.53471E+12,-1.60546875,-1.809082031,-0.263183594
1.53471E+12,-1.59765625,-1.843261719,-0.223632813
1.53471E+12,-1.349609375,-1.881835938,-0.306640625
1.53471E+12,-0.538085938,-1.758789063,-0.624511719
1.53471E+12,1.473144531,-1.422851563,-1.239746094
1.53471E+12,2.929199219,-0.533203125,-1.361328125
1.53471E+12,5.061035156,-0.109863281,-1.187011719
1.53471E+12,6.208984375,-0.073242188,-2.247070313
1.53471E+12,6.911132813,-0.200683594,-2.674804688
1.53471E+12,4.896484375,-0.483398438,-1.640625
1.53471E+12,2.461425781,-1.181152344,-0.7578125
1.53471E+12,0.384277344,-2.067871094,-0.566894531
1.53471E+12,-0.809082031,-2.52734375,-0.8359375
1.53471E+12,-1.372558594,-2.674804688,-0.883300781
1.53471E+12,-1.96484375,-2.633789063,-0.850097656
1.53471E+12,-1.826171875,-2.506347656,-0.306640625
1.53471E+12,-1.687988281,-2.136230469,-0.026367188
1.53471E+12,-1.833496094,-1.931640625,-0.219238281
1.53471E+12,-2.063964844,-1.868164063,-0.440917969
1.53471E+12,-1.975097656,-1.715332031,-0.389648438
0,0,0,0
1.53471E+12,-1.700683594,-1.558105469,-0.244140625
1.53471E+12,-1.5,-1.481445313,-0.151855469
1.53471E+12,-1.297363281,-1.455566406,-0.118164063
1.53471E+12,-1.206054688,-1.436523438,-0.132324219
1.53471E+12,-1.237304688,-1.384277344,-0.084472656
1.53471E+12,-1.41015625,-1.3125,0.059570313
1.53471E+12,-1.724609375,-1.297851563,0.537109375
1.53471E+12,-2.127441406,-1.352050781,1.127929688
1.53471E+12,-2.485351563,-1.809082031,1.645996094
1.53471E+12,-3.439941406,-2.846191406,2.526855469
1.53471E+12,-4.165039063,-3.533691406,3.853027344
1.53471E+12,-4.377929688,-3.324707031,5.282714844
1.53471E+12,-3.252929688,-3.096679688,5.073242188
1.53471E+12,-1.928710938,-3.86328125,3.666503906
1.53471E+12,-2.0234375,-3.397949219,2.885253906
1.53471E+12,-2.352539063,-2.378417969,1.817382813
1.53471E+12,-2.859375,-1.714355469,1.050292969
1.53471E+12,-2.241699219,-1.585449219,0.713867188
1.53471E+12,-1.845703125,-1.622070313,0.394042969
1.53471E+12,-1.538085938,-1.70703125,0.120117188
1.53471E+12,-1.502929688,-1.857910156,-0.037109375
1.53471E+12,-1.545898438,-2.031738281,-0.163574219
1.53471E+12,-1.502441406,-2.118652344,-0.207519531
1.53471E+12,-1.338378906,-2.168945313,-0.118164063
1.53471E+12,-1.247558594,-2.071777344,-0.124511719
1.53471E+12,-1.409667969,-1.873535156,-0.27734375
1.53471E+12,-1.444335938,-1.706054688,-0.40234375
1.53471E+12,-1.39453125,-1.603515625,-0.41796875
1.53471E+12,-1.443847656,-1.571777344,-0.321289063
1.53471E+12,-1.68359375,-1.692382813,-0.169921875
1.53471E+12,-1.690917969,-1.966796875,-0.08984375
1.53471E+12,-1.26171875,-2.089355469,-0.198242188
1.53471E+12,-0.497558594,-1.946289063,-0.55859375
1.53471E+12,1.490234375,-1.555175781,-0.966308594
1.53471E+12,3.282714844,-0.90234375,-1.309570313
1.53471E+12,5.84375,-0.366699219,-0.775878906
1.53471E+12,6.259765625,-0.505859375,-1.051757813
1.53471E+12,7.019042969,-1.004394531,-0.879394531
1.53471E+12,4.425292969,-0.708007813,-0.633300781
1.53471E+12,1.716308594,-1.083984375,-1.02734375
1.53471E+12,0.813476563,-1.505859375,-0.622558594
1.53471E+12,-0.254882813,-2.037597656,-0.430664063
1.53471E+12,-1.216308594,-2.236816406,-0.665527344
1.53471E+12,-1.632324219,-2.483398438,-0.864746094
1.53471E+12,-1.932617188,-2.485839844,-0.804199219
1.53471E+12,-2.133789063,-2.389648438,-0.683105469
1.53471E+12,-2.202636719,-2.141113281,-0.593261719
1.53471E+12,-2.201660156,-1.991699219,-0.554199219
1.53471E+12,-2.066894531,-1.84375,-0.4453125
1.53471E+12,-1.850585938,-1.708984375,-0.34375
1.53471E+12,-1.724121094,-1.625488281,-0.298339844
0,0,0,0
1.53471E+12,-1.534667969,-1.619140625,-0.319824219
1.53471E+12,-1.544433594,-1.665527344,-0.195800781
1.53471E+12,-1.860839844,-1.478515625,0.088378906
1.53471E+12,-2.042480469,-1.038085938,0.653320313
1.53471E+12,-1.921386719,-0.981933594,2.110351563
1.53471E+12,-1.903808594,-1.439453125,3.230957031
1.53471E+12,-1.151855469,-2.191894531,3.450683594
1.53471E+12,0.126953125,-3.270996094,4.400878906
1.53471E+12,0.130371094,-3.7578125,5.203125
1.53471E+12,-0.458496094,-3.807617188,5.28515625
1.53471E+12,-0.811035156,-3.652832031,4.459472656
1.53471E+12,-1.130371094,-3.325195313,3.456542969
1.53471E+12,-1.205078125,-2.448242188,2.925292969
1.53471E+12,-1.045898438,-1.677246094,2.507324219
1.53471E+12,-1.079589844,-1.276855469,2.124511719
1.53471E+12,-1.199707031,-1.127441406,1.619628906
1.53471E+12,-1.180664063,-1.134765625,1.10546875
1.53471E+12,-1.247558594,-1.202636719,0.715820313
1.53471E+12,-1.366210938,-1.369140625,0.44140625
1.53471E+12,-1.46875,-1.588378906,0.29296875
1.53471E+12,-1.447265625,-1.661621094,0.286132813
1.53471E+12,-1.435546875,-1.70703125,0.30859375
1.53471E+12,-1.476074219,-1.739746094,0.243164063
1.53471E+12,-1.549316406,-1.764648438,0.118652344
1.53471E+12,-1.540039063,-1.783203125,0.126464844
1.53471E+12,-1.450195313,-1.837890625,0.184570313
1.53471E+12,-1.442382813,-1.902832031,0.169921875
1.53471E+12,-1.547851563,-1.993652344,-0.102539063
1.53471E+12,-1.586425781,-1.836914063,-0.473144531
1.53471E+12,-1.595703125,-1.6171875,-0.783203125
1.53471E+12,-0.544433594,-1.6640625,-0.891601563
1.53471E+12,1.423339844,-1.2109375,-0.623046875
1.53471E+12,4.525390625,-1.056640625,-1.071777344
1.53471E+12,7.443359375,-0.634277344,-2.477050781
1.53471E+12,8.069335938,-0.803222656,-2.471679688
1.53471E+12,6.0703125,-1.129394531,-1.963867188
1.53471E+12,3.393066406,-1.204589844,-1.619140625
1.53471E+12,1.09765625,-1.70703125,-1.137695313
1.53471E+12,-0.556152344,-2.16015625,-1.022949219
1.53471E+12,-1.514648438,-2.487304688,-0.627441406
1.53471E+12,-1.719726563,-2.260742188,-0.282714844
1.53471E+12,-2.1171875,-2.022949219,-0.453125
1.53471E+12,-2.246582031,-1.895507813,-0.456054688
1.53471E+12,-2.078125,-1.693359375,-0.298339844
1.53471E+12,-1.938964844,-1.536621094,-0.232421875
1.53471E+12,-1.771972656,-1.485839844,-0.252441406
1.53471E+12,-1.668945313,-1.489746094,-0.256347656
1.53471E+12,-1.64453125,-1.495605469,-0.186035156
1.53471E+12,-1.557617188,-1.51171875,-0.102539063
1.53471E+12,-1.442382813,-1.50390625,-0.029296875
1.53471E+12,-1.339355469,-1.548339844,0.036132813
1.53471E+12,-1.387695313,-1.461914063,0.234863281
0,0,0,0
1.53471E+12,-1.66015625,-1.268554688,0.69921875
1.53471E+12,-1.934082031,-1.04296875,1.526855469
1.53471E+12,-2.125,-1.249023438,2.135742188
1.53471E+12,-3.038574219,-2.268066406,2.534667969
1.53471E+12,-4.239746094,-3.114746094,3.504394531
1.53471E+12,-5.09765625,-2.937988281,4.111816406
1.53471E+12,-5.655761719,-2.730957031,3.532714844
1.53471E+12,-5.303222656,-2.7265625,1.96875
1.53471E+12,-4.247558594,-2.31640625,1.068359375
1.53471E+12,-3.4375,-1.663574219,0.894042969
1.53471E+12,-2.941894531,-1.278320313,0.625976563
1.53471E+12,-2.473632813,-1.071289063,0.208007813
1.53471E+12,-2.028320313,-1.051757813,-0.127929688
1.53471E+12,-1.605957031,-1.18359375,-0.337890625
1.53471E+12,-1.376953125,-1.377441406,-0.475097656
1.53471E+12,-1.303710938,-1.501464844,-0.565917969
1.53471E+12,-1.289550781,-1.548828125,-0.581054688
1.53471E+12,-1.311035156,-1.611328125,-0.541503906
1.53471E+12,-1.447265625,-1.717285156,-0.487792969
1.53471E+12,-1.713378906,-1.876953125,-0.444824219
1.53471E+12,-1.888671875,-2.1796875,-0.422851563
1.53471E+12,-1.919433594,-2.444335938,-0.389160156
1.53471E+12,-1.900390625,-2.366699219,-0.411132813
1.53471E+12,-1.734863281,-2.248046875,-0.334960938
1.53471E+12,-1.534179688,-2.369628906,-0.075683594
1.53471E+12,-1.109375,-2.387695313,-0.000976563
1.53471E+12,-0.107421875,-2.19921875,-0.478027344
1.53471E+12,1.419921875,-1.741699219,-1.327636719
1.53471E+12,3.116699219,-1.237304688,-1.954101563
1.53471E+12,5.076171875,-1.061035156,-2.989257813
1.53471E+12,6.482421875,-0.967285156,-4.205078125
1.53471E+12,5.879394531,-0.99609375,-3.8671875
1.53471E+12,4.248535156,-0.944335938,-2.954589844
1.53471E+12,2.197265625,-1.366699219,-1.670410156
1.53471E+12,0.099121094,-1.799316406,-0.48828125
1.53471E+12,-1.151367188,-2.2421875,-0.024902344
1.53471E+12,-2.139160156,-2.248046875,-0.311523438
1.53471E+12,-2.758789063,-2.421875,-0.604003906
1.53471E+12,-2.491699219,-2.470214844,-0.214355469
1.53471E+12,-2.280761719,-2.025390625,0.120117188
1.53471E+12,-2.020507813,-1.584472656,0.072265625
1.53471E+12,-1.899414063,-1.395507813,-0.13671875
1.53471E+12,-1.851074219,-1.323242188,-0.161621094
1.53471E+12,-1.686523438,-1.299316406,-0.053222656
1.53471E+12,-1.409667969,-1.321777344,-0.04296875
0,0,0,0
1.53471E+12,-1.376464844,-1.435546875,-0.10546875
1.53471E+12,-1.421386719,-1.628417969,-0.029785156
1.53471E+12,-1.290527344,-1.760742188,0.240234375
1.53471E+12,-1.498535156,-1.654296875,0.941894531
1.53471E+12,-1.871582031,-1.615234375,1.867675781
1.53471E+12,-2.554199219,-1.903808594,2.313476563
1.53471E+12,-3.189941406,-2.30078125,2.828125
1.53471E+12,-3.597167969,-2.651855469,4.731933594
1.53471E+12,-2.986328125,-2.553710938,5.939453125
1.53471E+12,-1.773925781,-3.306640625,4.842285156
1.53471E+12,-1.902832031,-3.239257813,3.178710938
1.53471E+12,-3.072265625,-2.737792969,2.529785156
1.53471E+12,-3.575683594,-1.9921875,1.818359375
1.53471E+12,-2.788085938,-1.353027344,1.421386719
1.53471E+12,-2.139160156,-0.956054688,1.2109375
1.53471E+12,-1.7890625,-0.940429688,0.815429688
1.53471E+12,-1.480957031,-1.082519531,0.463867188
1.53471E+12,-1.404785156,-1.265625,0.167480469
1.53471E+12,-1.474121094,-1.421386719,-0.025878906
1.53471E+12,-1.592285156,-1.559570313,-0.085449219
1.53471E+12,-1.609863281,-1.6875,-0.078125
1.53471E+12,-1.774902344,-1.793945313,-0.055175781
1.53471E+12,-2.047363281,-1.879882813,-0.00390625
1.53471E+12,-2.063476563,-1.992675781,0.047851563
1.53471E+12,-1.933105469,-2.012207031,-0.020996094
1.53471E+12,-1.977539063,-1.869140625,0.017578125
1.53471E+12,-1.802734375,-1.84375,0.256835938
1.53471E+12,-1.490722656,-1.986328125,0.352539063
1.53471E+12,-0.853027344,-2.088378906,-0.187011719
1.53471E+12,0.544921875,-1.887695313,-1.290527344
1.53471E+12,1.875976563,-1.455078125,-2.11328125
1.53471E+12,3.040039063,-0.948730469,-2.456542969
1.53471E+12,4.815429688,-1.290527344,-3.354003906
1.53471E+12,5.694824219,-1.259277344,-4.154785156
1.53471E+12,4.727539063,-1.015136719,-3.944824219
1.53471E+12,3.310058594,-1.279296875,-2.505371094
1.53471E+12,1.237304688,-1.836914063,-0.939453125
1.53471E+12,-0.750976563,-2.279785156,-0.004882813
1.53471E+12,-1.323730469,-2.322265625,0.102539063
1.53471E+12,-2.54296875,-2.448242188,-0.474121094
1.53471E+12,-2.788085938,-3.191894531,-0.090332031
1.53471E+12,-2.649902344,-2.827636719,0.588867188
1.53471E+12,-2.5390625,-2.25,0.588378906
1.53471E+12,-2.193359375,-1.841796875,0.27734375
1.53471E+12,-1.91796875,-1.532226563,0.024414063
1.53471E+12,-1.693359375,-1.443359375,-0.022460938
1.53471E+12,-1.484375,-1.469238281,0.036621094
1.53471E+12,-1.400390625,-1.540527344,0.060058594
0,0,0,0
1.53471E+12,-1.344238281,-1.568847656,0.020996094
1.53471E+12,-1.388183594,-1.5078125,-0.044921875
1.53471E+12,-1.5078125,-1.548828125,0.48046875
1.53471E+12,-1.58984375,-1.674804688,1.615722656
1.53471E+12,-1.986816406,-1.864746094,1.913085938
1.53471E+12,-1.4296875,-3.108398438,2.685058594
1.53471E+12,0.246582031,-4.451171875,4.209472656
1.53471E+12,0.458496094,-4.979003906,4.59375
1.53471E+12,-0.034179688,-4.877441406,4.812988281
1.53471E+12,-0.551757813,-4.38671875,4.261230469
1.53471E+12,-0.684570313,-4.01171875,3.406738281
1.53471E+12,-0.674804688,-3.0546875,2.943847656
1.53471E+12,-0.931152344,-2.30859375,2.298828125
1.53471E+12,-1.31640625,-1.969238281,1.729003906
1.53471E+12,-1.489746094,-1.770996094,1.291992188
1.53471E+12,-1.540527344,-1.816894531,0.766601563
1.53471E+12,-1.592773438,-1.931152344,0.3984375
1.53471E+12,-1.592285156,-2.122070313,0.160644531
1.53471E+12,-1.658691406,-2.218261719,-0.013183594
1.53471E+12,-1.738769531,-2.266113281,-0.114746094
1.53471E+12,-1.721679688,-2.267089844,-0.172363281
1.53471E+12,-1.736328125,-2.29296875,-0.239257813
1.53471E+12,-1.810058594,-2.260253906,-0.269042969
1.53471E+12,-1.770019531,-2.211914063,-0.244628906
1.53471E+12,-1.714355469,-2.126464844,-0.258300781
1.53471E+12,-1.581542969,-2.021972656,-0.275878906
1.53471E+12,-1.405273438,-1.963378906,-0.331542969
1.53471E+12,-0.915039063,-1.9453125,-0.464355469
1.53471E+12,0.025390625,-1.802734375,-1.049804688
1.53471E+12,1.12890625,-1.073242188,-1.783203125
1.53471E+12,2.554199219,-0.040527344,-1.747558594
1.53471E+12,3.965820313,0.405273438,-2.04296875
1.53471E+12,5.290039063,-0.2421875,-2.68359375
1.53471E+12,4.975097656,0.033691406,-3.242675781
1.53471E+12,4.434082031,-0.25390625,-2.811523438
1.53471E+12,3.032714844,-0.950683594,-1.502441406
1.53471E+12,1.097167969,-1.558105469,-0.635742188
1.53471E+12,-0.118652344,-1.990722656,-0.336914063
1.53471E+12,-1.051269531,-2.354003906,-0.412597656
1.53471E+12,-2.1015625,-2.33984375,-0.474609375
1.53471E+12,-2.520019531,-2.334960938,-0.268554688
1.53471E+12,-2.416992188,-2.141601563,-0.075195313
1.53471E+12,-2.358886719,-2.016601563,-0.096679688
1.53471E+12,-2.146972656,-1.802734375,-0.162109375
1.53471E+12,-1.951660156,-1.587890625,-0.205078125
1.53471E+12,-1.8046875,-1.528808594,-0.173828125
0,0,0,0
1.53471E+12,-1.622558594,-1.504882813,-0.120117188
1.53471E+12,-1.486328125,-1.526367188,-0.067871094
1.53471E+12,-1.438476563,-1.455566406,0.021484375
1.53471E+12,-1.564453125,-1.346191406,0.331054688
1.53471E+12,-1.710449219,-1.209960938,0.915039063
1.53471E+12,-1.756347656,-1.107421875,1.615722656
1.53471E+12,-1.606933594,-1.1328125,2.322753906
1.53471E+12,-1.236816406,-1.847167969,2.990722656
1.53471E+12,-1.580078125,-3.275878906,4.092285156
1.53471E+12,-2.512695313,-4.245117188,4.868652344
1.53471E+12,-3.060546875,-4.292480469,4.679199219
1.53471E+12,-3.145996094,-4.262695313,3.380371094
1.53471E+12,-3.200683594,-4.11328125,2.463867188
1.53471E+12,-2.654296875,-2.911132813,2.219726563
1.53471E+12,-2.217285156,-2.062011719,1.797851563
1.53471E+12,-2.025878906,-1.741699219,1.145996094
1.53471E+12,-1.827148438,-1.625976563,0.600097656
1.53471E+12,-1.643066406,-1.682617188,0.215820313
1.53471E+12,-1.502441406,-1.830566406,-0.044921875
1.53471E+12,-1.419921875,-1.986328125,-0.243652344
1.53471E+12,-1.395507813,-2.180664063,-0.364746094
1.53471E+12,-1.359375,-2.258300781,-0.428710938
1.53471E+12,-1.317871094,-2.288574219,-0.44921875
1.53471E+12,-1.366210938,-2.310058594,-0.4296875
1.53471E+12,-1.438964844,-2.362792969,-0.483398438
1.53471E+12,-1.438476563,-2.329589844,-0.538574219
1.53471E+12,-1.399902344,-2.235351563,-0.459472656
1.53471E+12,-1.287109375,-2.25,-0.352539063
1.53471E+12,-1.146972656,-2.307617188,-0.355957031
1.53471E+12,-0.521972656,-2.243652344,-0.557128906
1.53471E+12,0.52734375,-1.90625,-0.878417969
1.53471E+12,1.152832031,-1.28125,-1.328125
1.53471E+12,2.387695313,-0.610839844,-1.280761719
1.53471E+12,4.381835938,0.272460938,-1.236816406
1.53471E+12,5.138671875,0.660644531,-1.981445313
1.53471E+12,5.168457031,0.743652344,-2.4765625
1.53471E+12,4.376953125,0.630371094,-2.08203125
1.53471E+12,2.949707031,0.033203125,-1.288085938
1.53471E+12,1.262207031,-0.852050781,-0.74609375
1.53471E+12,-0.030273438,-1.461914063,-0.561035156
1.53471E+12,-0.751953125,-1.932128906,-0.644042969
1.53471E+12,-1.578125,-2.253417969,-0.698730469
1.53471E+12,-1.9609375,-2.350097656,-0.497558594
1.53471E+12,-1.892089844,-2.188476563,-0.242675781
1.53471E+12,-1.935546875,-2.073242188,-0.15625
1.53471E+12,-1.99609375,-1.961914063,-0.195800781
1.53471E+12,-1.851074219,-1.766113281,-0.18359375
1.53471E+12,-1.727539063,-1.651367188,-0.168945313
1.53471E+12,-1.58984375,-1.576171875,-0.141113281
1.53471E+12,-1.413085938,-1.526367188,-0.095214844
1.53471E+12,-1.329589844,-1.556152344,-0.027832031
1.53471E+12,-1.326171875,-1.514648438,0.189941406
1.53471E+12,-1.347167969,-1.418457031,0.706054688
1.53471E+12,-1.574707031,-1.412109375,1.671386719
1.53471E+12,-1.576660156,-1.252929688,2.27734375
0,0,0,0
1.53471E+12,-1.488769531,-1.755859375,2.699707031
1.53471E+12,-1.788085938,-3.038085938,4.301757813
1.53471E+12,-2.077148438,-3.770507813,5.871582031
1.53471E+12,-1.345214844,-3.665039063,6.144042969
1.53471E+12,-0.533203125,-3.963378906,4.470703125
1.53471E+12,-1.463867188,-4.184082031,3.119140625
1.53471E+12,-2.380859375,-3.29296875,2.588378906
1.53471E+12,-2.522949219,-1.955078125,2.185058594
1.53471E+12,-2.25,-1.370605469,1.754882813
1.53471E+12,-1.947753906,-1.2890625,1.255371094
1.53471E+12,-1.672363281,-1.362304688,0.7734375
1.53471E+12,-1.559082031,-1.552734375,0.404785156
1.53471E+12,-1.560058594,-1.691894531,0.092773438
1.53471E+12,-1.610351563,-1.852050781,-0.14453125
1.53471E+12,-1.619628906,-2.010742188,-0.172363281
1.53471E+12,-1.545898438,-2.104980469,-0.084960938
1.53471E+12,-1.625,-2.173339844,-0.040039063
1.53471E+12,-1.870605469,-2.220703125,-0.106933594
1.53471E+12,-1.873046875,-2.208496094,-0.139160156
1.53471E+12,-1.709472656,-2.151367188,-0.1328125
1.53471E+12,-1.8359375,-2.164550781,-0.107910156
1.53471E+12,-1.685058594,-2.253417969,-0.050292969
1.53471E+12,-1.184570313,-2.359375,-0.157226563
1.53471E+12,-0.350585938,-2.291992188,-0.609375
1.53471E+12,0.965820313,-1.807128906,-1.377441406
1.53471E+12,2.048828125,-1.104492188,-1.958984375
1.53471E+12,3.574707031,-0.531738281,-2.419921875
1.53471E+12,5.558105469,-0.513671875,-3.399902344
1.53471E+12,5.603515625,-0.144042969,-4.022949219
1.53471E+12,4.85546875,-0.127929688,-3.568847656
1.53471E+12,3.054199219,-0.842773438,-1.879394531
1.53471E+12,1.147949219,-1.537109375,-0.805664063
1.53471E+12,-0.080078125,-1.928710938,-0.449707031
1.53471E+12,-1.05859375,-2.149414063,-0.255859375
1.53471E+12,-1.689941406,-2.548828125,-0.100097656
1.53471E+12,-1.986816406,-2.718261719,0.0625
1.53471E+12,-2.172363281,-2.654785156,0.278320313
1.53471E+12,-2.433105469,-2.382324219,0.235839844
1.53471E+12,-2.276855469,-2.015136719,0.025878906
1.53471E+12,-1.989746094,-1.772949219,-0.059082031
1.53471E+12,-1.790527344,-1.679199219,-0.020019531
1.53471E+12,-1.639648438,-1.657226563,0.083496094
1.53471E+12,-1.496582031,-1.700195313,0.157714844
1.53471E+12,-1.338867188,-1.7265625,0.269042969
1.53471E+12,-1.204101563,-1.682617188,0.406738281
0,0,0,0
1.53471E+12,-1.30078125,-1.598144531,0.822265625
1.53471E+12,-1.317871094,-1.395019531,1.575195313
1.53471E+12,-1.419433594,-1.346191406,2.232421875
1.53471E+12,-1.808105469,-1.802246094,2.695800781
1.53471E+12,-3.314453125,-2.708007813,3.327636719
1.53471E+12,-5.228515625,-3.127929688,3.608398438
1.53471E+12,-6.068359375,-2.822265625,2.980957031
1.53471E+12,-5.66015625,-3.078613281,1.622558594
1.53471E+12,-5.094726563,-3.167480469,0.481933594
1.53471E+12,-4.258789063,-2.206542969,0.185546875
1.53471E+12,-3.43359375,-1.7109375,0.054199219
1.53471E+12,-2.768066406,-1.576660156,-0.25390625
1.53471E+12,-2.266113281,-1.450683594,-0.439941406
1.53471E+12,-1.856445313,-1.513183594,-0.50390625
1.53471E+12,-1.58984375,-1.675292969,-0.525878906
1.53471E+12,-1.479003906,-1.870117188,-0.548339844
1.53471E+12,-1.491699219,-2.026855469,-0.578613281
1.53471E+12,-1.48046875,-2.166503906,-0.599609375
1.53471E+12,-1.537597656,-2.185546875,-0.584472656
1.53471E+12,-1.613769531,-2.209472656,-0.576660156
1.53471E+12,-1.597167969,-2.206054688,-0.514648438
1.53471E+12,-1.6015625,-2.124023438,-0.375976563
1.53471E+12,-1.606933594,-2.100585938,-0.266113281
1.53471E+12,-1.482421875,-2.148925781,-0.196777344
1.53471E+12,-1.375,-2.182128906,-0.159667969
1.53471E+12,-0.787597656,-2.119140625,-0.192871094
1.53471E+12,0.582519531,-1.9375,-0.256835938
1.53471E+12,1.250488281,-1.503417969,-0.568359375
1.53471E+12,1.432617188,-1.10546875,-1.737792969
1.53471E+12,3.60546875,-1.127929688,-2.687011719
1.53471E+12,5.940429688,-1.041992188,-2.299804688
1.53471E+12,6.333984375,-1.03125,-2.584960938
1.53471E+12,5.383300781,-0.652832031,-3.252929688
1.53471E+12,3.266601563,-1,-2.380859375
1.53471E+12,1.258789063,-1.577148438,-0.932617188
1.53471E+12,-0.214355469,-2.027832031,-0.396972656
1.53471E+12,-1.254394531,-2.451660156,-0.340332031
1.53471E+12,-2.232421875,-2.547363281,-0.208496094
1.53471E+12,-2.304199219,-2.407226563,-0.153320313
1.53471E+12,-2.201171875,-2.269042969,-0.168457031
1.53471E+12,-1.895996094,-2.237792969,-0.298828125
1.53471E+12,-1.847167969,-2.373535156,-0.405273438
1.53471E+12,-1.969726563,-2.364746094,-0.348144531
1.53471E+12,-1.959472656,-2.065917969,-0.240722656
1.53471E+12,-1.795410156,-1.88671875,-0.171386719
1.53471E+12,-1.520996094,-1.839355469,-0.118652344
1.53471E+12,-1.36328125,-1.863769531,-0.063964844
1.53471E+12,-1.33203125,-1.91015625,0.137207031
0,0,0,0
1.53471E+12,-1.598144531,-1.749023438,0.713378906
1.53471E+12,-1.895996094,-1.458496094,1.666015625
1.53471E+12,-1.989257813,-1.268066406,2.645996094
1.53471E+12,-2.778320313,-1.508300781,3.256835938
1.53471E+12,-3.942871094,-1.971679688,4.13671875
1.53471E+12,-5.358398438,-2.119140625,4.912597656
1.53471E+12,-5.910644531,-2.33984375,4.465332031
1.53471E+12,-5.137207031,-3.0546875,2.826171875
1.53471E+12,-4.434082031,-3.322265625,1.8515625
1.53471E+12,-3.779296875,-2.594726563,1.271484375
1.53471E+12,-3.118164063,-1.912109375,0.797363281
1.53471E+12,-2.505371094,-1.572265625,0.330078125
1.53471E+12,-2.106933594,-1.419433594,-0.064453125
1.53471E+12,-1.689941406,-1.438964844,-0.228027344
1.53471E+12,-1.439453125,-1.54296875,-0.296386719
1.53471E+12,-1.411621094,-1.666015625,-0.427246094
1.53471E+12,-1.459960938,-1.815429688,-0.501464844
1.53471E+12,-1.519042969,-1.994628906,-0.483886719
1.53471E+12,-1.583496094,-2.155273438,-0.461914063
1.53471E+12,-1.634277344,-2.174804688,-0.455566406
1.53471E+12,-1.517578125,-2.086425781,-0.415039063
1.53471E+12,-1.38671875,-1.962402344,-0.371582031
1.53471E+12,-1.404296875,-1.907714844,-0.34375
1.53471E+12,-1.273925781,-1.92578125,-0.389648438
1.53471E+12,-1.122070313,-1.944335938,-0.416992188
1.53471E+12,-0.892578125,-1.981933594,-0.372070313
1.53471E+12,-0.277832031,-1.870605469,-0.459960938
1.53471E+12,0.684082031,-1.706542969,-0.927246094
1.53471E+12,2.85546875,-1.272949219,-1.578125
1.53471E+12,4.231445313,0.104003906,-2.821289063
1.53471E+12,4.19140625,-0.909667969,-4.462402344
1.53471E+12,6.125488281,-1.362792969,-4.486328125
1.53471E+12,4.491210938,-1.056640625,-3.983398438
1.53471E+12,1.371582031,-1.157714844,-2.626464844
1.53471E+12,-0.013183594,-1.184570313,-1.228027344
1.53471E+12,-0.306152344,-1.710449219,-0.545898438
1.53471E+12,-1.248046875,-2.123046875,-0.309082031
1.53471E+12,-1.911132813,-2.644042969,-0.08984375
1.53471E+12,-2.375,-2.739746094,0.271484375
1.53471E+12,-2.208496094,-2.392578125,0.639160156
1.53471E+12,-1.609863281,-2.024414063,0.657714844
1.53471E+12,-1.368164063,-1.83203125,0.21484375
1.53471E+12,-1.875976563,-1.965820313,0.161132813
1.53471E+12,-1.857421875,-1.983398438,0.4765625
1.53471E+12,-1.61328125,-1.909179688,0.673339844
1.53471E+12,-1.386230469,-1.754394531,0.619628906
1.53471E+12,-1.192382813,-1.656738281,0.368164063
1.53471E+12,-1.393554688,-1.730957031,0.340820313
1.53471E+12,-1.379394531,-1.721191406,0.74609375
0,0,0,0
1.53471E+12,-1.149414063,-1.689453125,1.497558594
1.53471E+12,-1.27734375,-1.717285156,2.43359375
1.53471E+12,-1.487304688,-1.833496094,3.25390625
1.53471E+12,-1.193847656,-2.594238281,4.231933594
1.53471E+12,-0.350097656,-3.34765625,5.758789063
1.53471E+12,0.098144531,-3.6875,6.514648438
1.53471E+12,0.34765625,-3.342285156,6.144042969
1.53471E+12,0.271484375,-3.640625,5.077148438
1.53471E+12,-0.322753906,-3.534667969,3.873046875
1.53471E+12,-1.120605469,-2.728027344,2.967773438
1.53471E+12,-1.35546875,-1.861328125,2.265625
1.53471E+12,-1.330566406,-1.428222656,1.696777344
1.53471E+12,-1.304199219,-1.373535156,1.21484375
1.53471E+12,-1.20703125,-1.44921875,0.859863281
1.53471E+12,-1.181152344,-1.608398438,0.627929688
1.53471E+12,-1.245117188,-1.711914063,0.522460938
1.53471E+12,-1.464355469,-1.823242188,0.50390625
1.53471E+12,-1.600585938,-1.948730469,0.487304688
1.53471E+12,-1.695800781,-1.987792969,0.448242188
1.53471E+12,-1.712890625,-2.077148438,0.489257813
1.53471E+12,-1.690429688,-2.220703125,0.651855469
1.53471E+12,-1.663574219,-2.3828125,0.655273438
1.53471E+12,-1.562988281,-2.354003906,0.536132813
1.53471E+12,-1.315429688,-2.285644531,0.645996094
1.53471E+12,-1.0859375,-2.349121094,0.563964844
1.53471E+12,-0.652832031,-2.225097656,-0.15625
1.53471E+12,0.23828125,-1.778808594,-1.359375
1.53471E+12,1.698242188,-1.330078125,-2.715820313
1.53471E+12,3.201660156,-0.90234375,-3.867675781
1.53471E+12,5.093261719,-1.301269531,-5.020019531
1.53471E+12,5.23046875,-1.249511719,-5.479003906
1.53471E+12,4.155761719,-1.289550781,-4.685546875
1.53471E+12,2.530273438,-1.856933594,-2.487304688
1.53471E+12,0.719726563,-2.154785156,-0.958007813
1.53471E+12,-0.540039063,-2.3828125,-0.145996094
1.53471E+12,-1.44921875,-2.366210938,0.114257813
1.53471E+12,-2.142089844,-2.387695313,0.201660156
1.53471E+12,-2.2890625,-2.708007813,0.374511719
1.53471E+12,-2.506347656,-2.533691406,0.508789063
1.53471E+12,-2.346679688,-2.162597656,0.59375
1.53471E+12,-2.129394531,-1.833984375,0.456542969
1.53471E+12,-1.945800781,-1.56640625,0.349609375
1.53471E+12,-1.763671875,-1.465820313,0.350585938
1.53471E+12,-1.624023438,-1.469238281,0.344238281
1.53471E+12,-1.423339844,-1.48828125,0.270996094
1.53471E+12,-1.383300781,-1.58984375,0.213867188
0,0,0,0
1.53471E+12,-1.454589844,-1.786132813,0.260253906
1.53471E+12,-1.426757813,-1.891601563,0.646484375
1.53471E+12,-1.3203125,-1.904785156,1.293945313
1.53471E+12,-1.379882813,-1.796386719,2.057617188
1.53471E+12,-1.733886719,-2.607421875,3.017089844
1.53471E+12,-2.398925781,-3.663085938,3.6328125
1.53471E+12,-3.933105469,-3.586425781,4.69140625
1.53471E+12,-5.06640625,-2.846679688,5.659179688
1.53471E+12,-4.374023438,-2.798828125,4.255859375
1.53471E+12,-3.629882813,-3.32421875,2.42578125
1.53471E+12,-3.439941406,-2.591308594,1.4140625
1.53471E+12,-3.305664063,-1.748535156,0.579589844
1.53471E+12,-2.827636719,-1.453125,0.233886719
1.53471E+12,-2.3515625,-1.426269531,-0.166015625
1.53471E+12,-1.857421875,-1.568847656,-0.262695313
1.53471E+12,-1.569335938,-1.672851563,-0.304199219
1.53471E+12,-1.517578125,-1.772949219,-0.414550781
1.53471E+12,-1.49609375,-1.786132813,-0.416015625
1.53471E+12,-1.559570313,-1.80078125,-0.337890625
1.53471E+12,-1.670898438,-1.905273438,-0.345214844
1.53471E+12,-1.773925781,-1.954101563,-0.424316406
1.53471E+12,-1.820800781,-1.955078125,-0.473632813
1.53471E+12,-1.754882813,-1.882324219,-0.462890625
1.53471E+12,-1.640136719,-1.770996094,-0.3828125
1.53471E+12,-1.662597656,-1.735839844,-0.276367188
1.53471E+12,-1.58203125,-1.806640625,-0.263671875
1.53471E+12,-1.090820313,-1.833007813,-0.375488281
1.53471E+12,0.245117188,-1.73046875,-0.578613281
1.53471E+12,2.275390625,-1.200683594,-0.563964844
1.53471E+12,3.693847656,-0.487304688,-0.937988281
1.53471E+12,3.574707031,-0.179199219,-1.673828125
1.53471E+12,5.8046875,-1.150390625,-2.017089844
1.53471E+12,6.045898438,-0.896972656,-1.494140625
1.53471E+12,4.109375,-0.651855469,-1.337890625
1.53471E+12,2.432617188,-0.916992188,-1.041992188
1.53471E+12,0.69140625,-1.442382813,-0.555664063
1.53471E+12,-0.518554688,-1.747558594,-0.483886719
1.53471E+12,-1.137207031,-2.263671875,-0.503417969
1.53471E+12,-1.901367188,-2.494628906,-0.592285156
1.53471E+12,-2.407226563,-2.612304688,-0.564453125
1.53471E+12,-2.538085938,-2.3125,-0.415039063
1.53471E+12,-2.337402344,-1.995605469,-0.454589844
1.53471E+12,-2.000976563,-1.792480469,-0.412109375
1.53471E+12,-1.876464844,-1.608886719,-0.338378906
1.53471E+12,-1.807617188,-1.514648438,-0.258300781
1.53471E+12,-1.741210938,-1.473144531,-0.1953125
1.53471E+12,-1.531738281,-1.426269531,-0.166015625
1.53471E+12,-1.307128906,-1.276855469,-0.15234375
1.53471E+12,-1.372558594,-1.113769531,-0.046875
1.53471E+12,-1.611816406,-1.033691406,0.490722656
1.53471E+12,-1.770996094,-0.823242188,1.128417969
1.53471E+12,-1.721191406,-0.774902344,1.417480469
0,0,0,0
1.53471E+12,-1.681152344,-1.75,2.025878906
1.53471E+12,-1.724121094,-3.324707031,2.967285156
1.53471E+12,-1.944824219,-4.687988281,4.041015625
1.53471E+12,-1.948730469,-4.675292969,5.120117188
1.53471E+12,-2.147949219,-5.108398438,4.444335938
1.53471E+12,-1.583984375,-3.999511719,2.800292969
1.53471E+12,-1.930175781,-2.890136719,2.715820313
1.53471E+12,-1.912109375,-1.950195313,2.274414063
1.53471E+12,-1.837890625,-1.3125,1.592285156
1.53471E+12,-1.837890625,-1.218261719,1.051757813
1.53471E+12,-1.823242188,-1.357910156,0.826660156
1.53471E+12,-1.580566406,-1.639160156,0.478515625
1.53471E+12,-1.4921875,-1.937988281,0.048828125
1.53471E+12,-1.595703125,-2.086425781,-0.157714844
1.53471E+12,-1.616210938,-2.127441406,-0.230957031
1.53471E+12,-1.619628906,-2.140136719,-0.322265625
1.53471E+12,-1.699707031,-2.141113281,-0.388183594
1.53471E+12,-1.765625,-2.168457031,-0.392578125
1.53471E+12,-1.817382813,-2.188964844,-0.422363281
1.53471E+12,-1.827636719,-2.143554688,-0.420898438
1.53471E+12,-1.907226563,-2.123535156,-0.347167969
1.53471E+12,-1.859863281,-2.19921875,-0.291992188
1.53471E+12,-1.576171875,-2.17578125,-0.405761719
1.53471E+12,-0.470703125,-1.997070313,-0.787109375
1.53471E+12,1.554199219,-1.4375,-1.504882813
1.53471E+12,3.150878906,-0.338867188,-2.017089844
1.53471E+12,4.254394531,0.378417969,-2.260253906
1.53471E+12,5.541992188,-0.739257813,-3.581542969
1.53471E+12,5.397949219,-0.506347656,-3.751953125
1.53471E+12,3.616210938,-0.461914063,-2.495117188
1.53471E+12,2.056640625,-1.146484375,-1.240722656
1.53471E+12,0.222167969,-1.788085938,-0.706054688
1.53471E+12,-1.008300781,-2.122558594,-0.462890625
1.53471E+12,-1.670410156,-2.32421875,-0.485839844
1.53471E+12,-2.0703125,-2.747070313,-0.509277344
1.53471E+12,-2.537597656,-2.833007813,-0.196777344
1.53471E+12,-2.51171875,-2.5234375,0.016113281
1.53471E+12,-2.166015625,-2.176757813,0.044433594
1.53471E+12,-1.868164063,-1.923828125,-0.002441406
1.53471E+12,-1.716308594,-1.827148438,-0.115234375
1.53471E+12,-1.645019531,-1.797363281,-0.198242188
1.53471E+12,-1.5390625,-1.7421875,-0.031738281
1.53471E+12,-1.2890625,-1.595703125,0.312988281
1.53471E+12,-1.212402344,-1.355957031,0.493652344
1.53471E+12,-1.391113281,-1.284179688,0.828125
1.53471E+12,-1.666992188,-1.30859375,1.545410156
0,0,0,0
1.53471E+12,-1.4921875,-1.267089844,2.181640625
1.53471E+12,-1.390625,-1.430664063,2.579589844
1.53471E+12,-1.732910156,-2.604980469,3.475585938
1.53471E+12,-2.099121094,-3.617675781,3.8125
1.53471E+12,-2.404296875,-4.091308594,4.223144531
1.53471E+12,-2.295410156,-4.063964844,4.111328125
1.53471E+12,-2.5390625,-3.958984375,2.805175781
1.53471E+12,-2.760253906,-3.527832031,2.043457031
1.53471E+12,-2.250488281,-2.191894531,1.653808594
1.53471E+12,-2.166503906,-1.36328125,1.353027344
1.53471E+12,-2.138671875,-1.142578125,1.014648438
1.53471E+12,-1.805175781,-1.151855469,0.635742188
1.53471E+12,-1.623046875,-1.252929688,0.1953125
1.53471E+12,-1.572265625,-1.496582031,-0.149414063
1.53471E+12,-1.536132813,-1.754394531,-0.30859375
1.53471E+12,-1.488769531,-1.822265625,-0.339355469
1.53471E+12,-1.534667969,-1.915527344,-0.334960938
1.53471E+12,-1.646972656,-2.019042969,-0.323242188
1.53471E+12,-1.687011719,-2.031738281,-0.325683594
1.53471E+12,-1.770996094,-2.018554688,-0.395507813
1.53471E+12,-1.955566406,-2.05078125,-0.474609375
1.53471E+12,-2.143066406,-2.159667969,-0.397460938
1.53471E+12,-2.234863281,-2.267578125,-0.285644531
1.53471E+12,-1.994140625,-2.229003906,-0.237792969
1.53471E+12,-1.567382813,-2.112792969,-0.308105469
1.53471E+12,-0.411132813,-2.122070313,-0.977050781
1.53471E+12,1.271484375,-1.625976563,-1.791503906
1.53471E+12,3.166015625,-1.173828125,-2.328613281
1.53471E+12,4.962890625,-1.214355469,-3.493652344
1.53471E+12,6.002929688,-1.022460938,-4.119140625
1.53471E+12,5.349609375,-0.7734375,-4.10546875
1.53471E+12,4.310058594,-0.88671875,-2.950683594
1.53471E+12,2.193847656,-1.21484375,-1.670410156
1.53471E+12,0.448730469,-1.518066406,-0.913574219
1.53471E+12,-0.607421875,-1.905761719,-0.545410156
1.53471E+12,-1.653808594,-2.15234375,-0.339355469
1.53471E+12,-2.468261719,-2.373046875,-0.144042969
1.53471E+12,-2.609863281,-2.248046875,-0.005859375
1.53471E+12,-2.463867188,-2.023925781,0.006835938
1.53471E+12,-2.5390625,-1.866210938,-0.198730469
1.53471E+12,-2.284179688,-1.665527344,-0.222167969
1.53471E+12,-2.057128906,-1.533203125,-0.171875
1.53471E+12,-1.932617188,-1.500488281,-0.090332031
1.53471E+12,-1.634765625,-1.432128906,-0.005859375
1.53471E+12,-1.354980469,-1.397460938,-0.084960938
1.53471E+12,-1.3203125,-1.488769531,-0.109863281
1.53471E+12,-1.464355469,-1.581542969,0.395019531
0,0,0,0
1.53471E+12,-1.402832031,-1.47265625,1.466308594
1.53471E+12,-1.135253906,-1.121582031,2.206542969
1.53471E+12,-1.468261719,-1.223632813,2.432617188
1.53471E+12,-1.452148438,-1.793945313,3.124511719
1.53471E+12,-1.786621094,-2.83984375,4.295410156
1.53471E+12,-2.226074219,-3.493652344,4.971679688
1.53471E+12,-2.036132813,-3.9765625,4.714355469
1.53471E+12,-1.713378906,-4.146484375,3.546875
1.53471E+12,-2.212402344,-3.78515625,2.686523438
1.53471E+12,-2.55859375,-2.683105469,2.250976563
1.53471E+12,-2.494140625,-1.71875,1.86328125
1.53471E+12,-2.163574219,-1.246582031,1.559082031
1.53471E+12,-1.873046875,-1.129394531,1.100097656
1.53471E+12,-1.598144531,-1.212402344,0.717773438
1.53471E+12,-1.513671875,-1.276855469,0.363769531
1.53471E+12,-1.603515625,-1.445800781,0.112304688
1.53471E+12,-1.558105469,-1.605957031,-0.022949219
1.53471E+12,-1.575683594,-1.75,-0.083007813
1.53471E+12,-1.583007813,-1.846191406,-0.056152344
1.53471E+12,-1.73046875,-1.906738281,-0.080566406
1.53471E+12,-1.798828125,-1.953125,-0.192382813
1.53471E+12,-1.638671875,-1.950683594,-0.294921875
1.53471E+12,-1.783203125,-1.861328125,-0.307617188
1.53471E+12,-1.840332031,-1.903808594,-0.173828125
1.53471E+12,-1.66015625,-2.013671875,-0.000976563
1.53471E+12,-1.638671875,-2.100097656,-0.069824219
1.53471E+12,-1.069824219,-2.119628906,-0.4375
1.53471E+12,0.380859375,-1.706054688,-0.967285156
1.53471E+12,2.310546875,-1.057617188,-1.50390625
1.53471E+12,4.150878906,-0.494140625,-2.87890625
1.53471E+12,5.887695313,-0.3046875,-3.951660156
1.53471E+12,5.966796875,-0.381835938,-3.808105469
1.53471E+12,4.715820313,-0.501953125,-3.160644531
1.53471E+12,2.705566406,-1.134277344,-1.875488281
1.53471E+12,0.635253906,-1.919921875,-0.774414063
1.53471E+12,-0.673339844,-2.464355469,-0.546386719
1.53471E+12,-1.943359375,-2.319335938,-0.641113281
1.53471E+12,-2.428710938,-2.318847656,-0.434082031
1.53471E+12,-2.228027344,-2.180175781,-0.009277344
1.53471E+12,-2.166503906,-1.956054688,-0.009277344
1.53471E+12,-2.337890625,-1.739257813,-0.415039063
1.53471E+12,-2.509765625,-1.59375,-0.489257813
1.53471E+12,-2.256835938,-1.5,-0.224609375
1.53471E+12,-1.920410156,-1.410644531,-0.062011719
1.53471E+12,-1.690917969,-1.3828125,-0.022460938
1.53471E+12,-1.482910156,-1.434082031,-0.036132813
1.53471E+12,-1.462890625,-1.569824219,0.1328125
1.53471E+12,-1.433105469,-1.628417969,0.561523438
0,0,0,0
1.53471E+12,-1.433105469,-1.486328125,1.091308594
1.53471E+12,-1.447265625,-1.288085938,1.681640625
1.53471E+12,-1.626953125,-1.486328125,2.211425781
1.53471E+12,-2.081054688,-2.318847656,2.981445313
1.53471E+12,-2.487304688,-3.374023438,3.821289063
1.53471E+12,-2.769042969,-4.059570313,4.375
1.53471E+12,-3.126953125,-3.9921875,4.290039063
1.53471E+12,-3.163574219,-3.992675781,3.654785156
1.53471E+12,-2.519042969,-3.225585938,2.838378906
1.53471E+12,-2.18359375,-2.09765625,2.165039063
1.53471E+12,-2.174316406,-1.423828125,1.471191406
1.53471E+12,-2.049804688,-1.125,1.012207031
1.53471E+12,-1.882324219,-1.075683594,0.5703125
1.53471E+12,-1.680175781,-1.191894531,0.199707031
1.53471E+12,-1.393554688,-1.368652344,-0.06640625
1.53471E+12,-1.290039063,-1.516601563,-0.227050781
1.53471E+12,-1.468261719,-1.59765625,-0.247070313
1.53471E+12,-1.65625,-1.754394531,-0.243164063
1.53471E+12,-1.71484375,-1.855957031,-0.219726563
1.53471E+12,-1.809082031,-1.914550781,-0.276855469
1.53471E+12,-1.918945313,-1.9765625,-0.474609375
1.53471E+12,-1.999023438,-1.973632813,-0.610839844
1.53471E+12,-1.895507813,-1.926269531,-0.516601563
1.53471E+12,-1.799316406,-1.856445313,-0.395019531
1.53471E+12,-1.767089844,-1.787597656,-0.347167969
1.53471E+12,-1.043945313,-1.829101563,-0.504394531
1.53471E+12,0.330078125,-1.700683594,-1.194824219
1.53471E+12,1.850585938,-1.111328125,-1.985839844
1.53471E+12,3.424316406,0.032226563,-2.058105469
1.53471E+12,4.735839844,0.284179688,-2.33203125
1.53471E+12,5.630859375,-0.185058594,-3.271972656
1.53471E+12,4.820800781,0.019042969,-3.39453125
1.53471E+12,3.451660156,-0.385253906,-2.237304688
1.53471E+12,1.55859375,-1.234375,-1.061523438
1.53471E+12,-0.16796875,-1.850097656,-0.508300781
1.53471E+12,-0.977539063,-2.077636719,-0.532714844
1.53471E+12,-1.975097656,-2.131347656,-0.627441406
1.53471E+12,-2.259277344,-2.187988281,-0.467285156
1.53471E+12,-2.011230469,-1.930664063,-0.097167969
1.53471E+12,-1.858398438,-1.650390625,-0.026367188
1.53471E+12,-1.718261719,-1.416992188,-0.145996094
1.53471E+12,-1.713867188,-1.291992188,-0.215332031
1.53471E+12,-1.669433594,-1.26171875,-0.162109375
1.53471E+12,-1.522949219,-1.228027344,-0.080078125
1.53471E+12,-1.287109375,-1.215332031,-0.073730469
1.53471E+12,-1.13671875,-1.233886719,-0.123046875
1.53471E+12,-1.141113281,-1.272460938,-0.10546875
1.53471E+12,-1.2265625,-1.205566406,0.112304688
1.53471E+12,-1.363769531,-1.206542969,0.578125
1.53471E+12,-1.620605469,-1.240722656,1.426269531
1.53471E+12,-1.846679688,-1.208496094,1.90625
0,0,0,0
1.53471E+12,-2.185058594,-1.995605469,2.203613281
1.53471E+12,-3.487792969,-3.151855469,3.224121094
1.53471E+12,-4.674804688,-3.866210938,4.005859375
1.53471E+12,-4.924316406,-3.679199219,4.182617188
1.53471E+12,-4.106445313,-3.37890625,3.125488281
1.53471E+12,-3.697265625,-2.917480469,1.938964844
1.53471E+12,-3.26953125,-1.937011719,1.581542969
1.53471E+12,-2.690917969,-1.318847656,1.260253906
1.53471E+12,-2.252929688,-1.1875,0.844726563
1.53471E+12,-1.885253906,-1.31640625,0.41796875
1.53471E+12,-1.547851563,-1.509765625,0.095703125
1.53471E+12,-1.421875,-1.71875,-0.145019531
1.53471E+12,-1.471191406,-1.892089844,-0.291503906
1.53471E+12,-1.508300781,-2.011230469,-0.34375
1.53471E+12,-1.461425781,-2.036621094,-0.307617188
1.53471E+12,-1.441894531,-2.060058594,-0.201660156
1.53471E+12,-1.496582031,-2.080566406,-0.185546875
1.53471E+12,-1.554199219,-2.040039063,-0.284667969
1.53471E+12,-1.584960938,-1.986328125,-0.346679688
1.53471E+12,-1.568847656,-1.937988281,-0.27734375
1.53471E+12,-1.642089844,-1.977539063,-0.120117188
1.53471E+12,-1.52734375,-2.093261719,-0.049316406
1.53471E+12,-1.19921875,-2.091308594,-0.120117188
1.53471E+12,-0.440429688,-1.958496094,-0.391113281
1.53471E+12,1.340332031,-1.572265625,-1.211425781
1.53471E+12,2.873535156,-0.543945313,-2.254882813
1.53471E+12,5.068359375,0.451171875,-3.383789063
1.53471E+12,6.130371094,0.670898438,-3.67578125
1.53471E+12,5.296386719,0.463867188,-3.689941406
1.53471E+12,3.705566406,0.175292969,-2.926757813
1.53471E+12,1.565429688,-0.682128906,-1.835449219
1.53471E+12,0.340820313,-1.374023438,-1.293945313
1.53471E+12,-0.529296875,-1.806152344,-0.851074219
1.53471E+12,-1.010742188,-2.245605469,-0.290527344
1.53471E+12,-1.325195313,-2.365722656,-0.081054688
1.53471E+12,-1.668457031,-2.219726563,-0.036132813
1.53471E+12,-1.716308594,-2.025878906,0.021484375
1.53471E+12,-1.78515625,-1.920898438,-0.032226563
1.53471E+12,-1.815917969,-1.893554688,0.061523438
1.53471E+12,-1.73046875,-1.803710938,0.183105469
1.53471E+12,-1.575683594,-1.661132813,0.228515625
1.53471E+12,-1.431640625,-1.540039063,0.215332031
1.53471E+12,-1.370117188,-1.469238281,0.17578125
1.53471E+12,-1.355957031,-1.48828125,0.152832031
0,0,0,0
1.53471E+12,-1.277832031,-1.598632813,0.209472656
1.53471E+12,-1.163085938,-1.663574219,0.49609375
1.53471E+12,-1.243652344,-1.5390625,0.904296875
1.53471E+12,-1.234375,-1.360839844,1.542480469
1.53471E+12,-1.444824219,-1.516601563,2.479003906
1.53471E+12,-1.943847656,-2.337890625,3.566894531
1.53471E+12,-2.027832031,-3.352539063,4.491699219
1.53471E+12,-2.172363281,-4.003417969,5.23046875
1.53471E+12,-2.095703125,-3.666015625,5.551757813
1.53471E+12,-1.784667969,-3.630371094,4.703125
1.53471E+12,-2.033691406,-3.27734375,3.467773438
1.53471E+12,-2.454101563,-2.323730469,2.466796875
1.53471E+12,-2.356445313,-1.503417969,1.6953125
1.53471E+12,-1.964355469,-1.112304688,1.253417969
1.53471E+12,-1.669433594,-1.098632813,0.891113281
1.53471E+12,-1.499511719,-1.307617188,0.57421875
1.53471E+12,-1.453125,-1.569824219,0.347167969
1.53471E+12,-1.432128906,-1.771484375,0.118164063
1.53471E+12,-1.450195313,-1.818359375,-0.031738281
1.53471E+12,-1.450683594,-1.802246094,-0.04296875
1.53471E+12,-1.406738281,-1.859863281,0.020019531
1.53471E+12,-1.450195313,-1.919921875,0.06640625
1.53471E+12,-1.450683594,-1.920410156,0.030273438
1.53471E+12,-1.413085938,-1.855957031,-0.032714844
1.53471E+12,-1.426757813,-1.782714844,0.028808594
1.53471E+12,-1.488769531,-1.827148438,0.220214844
1.53471E+12,-1.499023438,-1.99609375,0.346679688
1.53471E+12,-1.295410156,-2.045410156,0.111816406
1.53471E+12,-0.575683594,-1.810058594,-0.458496094
1.53471E+12,0.787109375,-1.307617188,-1.395996094
1.53471E+12,2.415527344,-0.475097656,-2.145507813
1.53471E+12,3.691894531,0.249511719,-3.346679688
1.53471E+12,5.615722656,0.0390625,-4.662597656
1.53471E+12,5.240722656,0.30078125,-4.990722656
1.53471E+12,3.802246094,0.0703125,-4.037597656
1.53471E+12,1.630859375,-1.032714844,-1.740234375
1.53471E+12,-0.22265625,-1.983398438,-0.434570313
1.53471E+12,-0.934082031,-2.112304688,-0.115234375
1.53471E+12,-1.483398438,-2.067382813,-0.396972656
1.53471E+12,-1.881835938,-2.646972656,0.003417969
1.53471E+12,-1.833984375,-2.520507813,0.622558594
1.53471E+12,-1.738769531,-2.044433594,0.698242188
1.53471E+12,-1.650390625,-1.863769531,0.524902344
1.53471E+12,-1.549316406,-1.760742188,0.424316406
1.53471E+12,-1.395996094,-1.678710938,0.256835938
1.53471E+12,-1.329589844,-1.611816406,0.098632813
1.53471E+12,-1.2421875,-1.693359375,0.149902344
1.53471E+12,-1.153808594,-1.638183594,0.316894531
1.53471E+12,-1.179199219,-1.521484375,0.425292969
1.53471E+12,-1.110839844,-1.43359375,0.706054688
0,0,0,0
1.53471E+12,-1.083007813,-1.112304688,0.901855469
1.53471E+12,-1.233398438,-1.025390625,0.900390625
1.53471E+12,-1.375,-1.199707031,1.327636719
1.53471E+12,-1.49609375,-1.303222656,2.009277344
1.53471E+12,-1.866210938,-2.201171875,2.340332031
1.53471E+12,-2.562988281,-3.750976563,3.424804688
1.53471E+12,-3.252441406,-4.803222656,4.384277344
1.53471E+12,-3.112792969,-4.337890625,4.642089844
1.53471E+12,-2.533691406,-3.869140625,4.403808594
1.53471E+12,-2.032226563,-3.100097656,3.662109375
1.53471E+12,-1.838378906,-1.846191406,2.891601563
1.53471E+12,-1.993164063,-1.462402344,1.955566406
1.53471E+12,-2.041015625,-1.350097656,1.338867188
1.53471E+12,-1.87890625,-1.442871094,0.886230469
1.53471E+12,-1.671386719,-1.779785156,0.485351563
1.53471E+12,-1.605957031,-2.162109375,0.229980469
1.53471E+12,-1.600097656,-2.278808594,0.086914063
1.53471E+12,-1.625,-2.220703125,0.044433594
1.53471E+12,-1.7265625,-2.190917969,0.018066406
1.53471E+12,-1.838867188,-2.251464844,-0.029785156
1.53471E+12,-1.912109375,-2.326660156,-0.103515625
1.53471E+12,-1.926757813,-2.319824219,-0.16015625
1.53471E+12,-1.873535156,-2.218261719,-0.080078125
1.53471E+12,-1.870117188,-2.211425781,0.081054688
1.53471E+12,-1.788085938,-2.315917969,0.012207031
1.53471E+12,-1.755859375,-2.240234375,-0.225585938
1.53471E+12,-1.16796875,-2.145996094,-0.406738281
1.53471E+12,0.490722656,-1.963378906,-0.973632813
1.53471E+12,1.779785156,-1.139160156,-1.193847656
1.53471E+12,4.450683594,-1.155761719,-1.785644531
1.53471E+12,6.340332031,-0.593261719,-3.809082031
1.53471E+12,7.259765625,-0.395996094,-3.840820313
1.53471E+12,5.520507813,-0.584472656,-2.408203125
1.53471E+12,2.954589844,-0.837890625,-1.503417969
1.53471E+12,0.618652344,-1.421386719,-1.143554688
1.53471E+12,-0.748535156,-1.914550781,-0.690429688
1.53471E+12,-1.766601563,-2.057617188,-0.268066406
1.53471E+12,-2.009765625,-2.151855469,-0.017089844
1.53471E+12,-1.92578125,-1.99609375,0.117675781
1.53471E+12,-2.023925781,-1.764160156,0.05859375
1.53471E+12,-2.004882813,-1.554199219,0.057128906
1.53471E+12,-1.773925781,-1.317871094,0.120117188
1.53471E+12,-1.545898438,-1.164550781,0.143066406
1.53471E+12,-1.373046875,-1.145507813,0.139648438
1.53471E+12,-1.256835938,-1.138183594,0.106933594
1.53471E+12,-1.26953125,-1.145019531,0.080566406
1.53471E+12,-1.219726563,-1.127929688,0.046875
1.53471E+12,-1.173339844,-1.095214844,-0.005859375
1.53471E+12,-1.197265625,-1.108398438,-0.001953125
0,0,0,0
1.53471E+12,-1.139648438,-1.145507813,0.036621094
1.53471E+12,-1.072265625,-1.216796875,0.123046875
1.53471E+12,-1.267578125,-1.390136719,0.423828125
1.53471E+12,-1.563964844,-2.060058594,1.111328125
1.53471E+12,-1.923828125,-3.648925781,2.181152344
1.53471E+12,-2.6171875,-5.364257813,3.171875
1.53471E+12,-3.654296875,-5.190429688,5.482910156
1.53471E+12,-3.762695313,-3.46875,6.770507813
1.53471E+12,-3.201660156,-3.698730469,5.197265625
1.53471E+12,-2.219238281,-2.682128906,3.307617188
1.53471E+12,-2.720703125,-1.866210938,2.547363281
1.53471E+12,-2.772949219,-1.436035156,1.36328125
1.53471E+12,-2.432617188,-1.329101563,0.794921875
1.53471E+12,-1.993652344,-1.565917969,0.508300781
1.53471E+12,-1.743652344,-1.876953125,0.231933594
1.53471E+12,-1.82421875,-2.144042969,-0.012207031
1.53471E+12,-1.770507813,-2.265136719,-0.033691406
1.53471E+12,-1.785644531,-2.345703125,0.0078125
1.53471E+12,-1.890625,-2.359863281,-0.041992188
1.53471E+12,-2.001464844,-2.348632813,-0.119140625
1.53471E+12,-2.135742188,-2.327636719,-0.204101563
1.53471E+12,-2.018554688,-2.286132813,-0.216796875
1.53471E+12,-1.943359375,-2.177246094,-0.120117188
1.53471E+12,-1.970214844,-2.172851563,0.041015625
1.53471E+12,-1.917480469,-2.244140625,0.078125
1.53471E+12,-1.575195313,-2.243164063,-0.115722656
1.53471E+12,-0.804199219,-2.185546875,-0.53515625
1.53471E+12,0.203613281,-1.995117188,-1.15234375
1.53471E+12,1.688476563,-1.78515625,-1.854492188
1.53471E+12,3.42578125,-1.428710938,-2.649902344
1.53471E+12,5.07421875,-1.436035156,-3.755371094
1.53471E+12,5.931640625,-1.079101563,-4.551269531
1.53471E+12,5.351074219,-0.631347656,-4.312988281
1.53471E+12,3.793457031,-0.857910156,-2.982421875
1.53471E+12,1.564941406,-1.439941406,-1.452636719
1.53471E+12,-0.4453125,-2.100585938,-0.442382813
1.53471E+12,-1.26953125,-2.732421875,-0.196777344
1.53471E+12,-2.743164063,-2.980957031,-0.678222656
1.53471E+12,-3.141601563,-3.247070313,-0.145996094
1.53471E+12,-2.743652344,-2.794921875,0.581542969
1.53471E+12,-2.489746094,-2.333496094,0.450683594
1.53471E+12,-2.282226563,-1.950195313,0.068847656
1.53471E+12,-2.13671875,-1.711914063,-0.079101563
1.53471E+12,-1.833496094,-1.623535156,-0.024902344
1.53471E+12,-1.596191406,-1.556152344,0.040527344
1.53471E+12,-1.448242188,-1.477539063,0.110351563
1.53471E+12,-1.435058594,-1.462402344,0.083984375
1.53471E+12,-1.584472656,-1.641601563,0.082519531
0,0,0,0
1.53471E+12,-1.483886719,-1.643554688,0.539550781
1.53471E+12,-1.502929688,-1.336914063,1.115722656
1.53471E+12,-1.615234375,-1.275878906,1.71484375
1.53471E+12,-1.540039063,-1.688964844,2.663085938
1.53471E+12,-1.541503906,-2.44140625,3.186523438
1.53471E+12,-1.762207031,-3.647460938,4.143066406
1.53471E+12,-2.344726563,-4.353515625,5.07421875
1.53471E+12,-2.294921875,-4.027832031,4.94140625
1.53471E+12,-2.25390625,-3.922363281,3.869628906
1.53471E+12,-2.48828125,-3.409667969,2.845703125
1.53471E+12,-2.592773438,-2.434570313,2.183105469
1.53471E+12,-2.366699219,-1.849121094,1.66015625
1.53471E+12,-2.140625,-1.578613281,1.118652344
1.53471E+12,-1.879882813,-1.506835938,0.676269531
1.53471E+12,-1.698242188,-1.623046875,0.40234375
1.53471E+12,-1.6484375,-1.816894531,0.136230469
1.53471E+12,-1.734863281,-1.96875,-0.108886719
1.53471E+12,-1.733886719,-2.049316406,-0.174804688
1.53471E+12,-1.729980469,-2.125,-0.160644531
1.53471E+12,-1.831054688,-2.176269531,-0.196289063
1.53471E+12,-1.859863281,-2.196289063,-0.232421875
1.53471E+12,-1.857910156,-2.129882813,-0.230957031
1.53471E+12,-1.81640625,-2.070800781,-0.176269531
1.53471E+12,-1.8359375,-2.010253906,-0.092773438
1.53471E+12,-1.753417969,-2.055664063,-0.091308594
1.53471E+12,-1.550292969,-2.087402344,-0.182617188
1.53471E+12,-1.018066406,-2.083496094,-0.375488281
1.53471E+12,0.099609375,-1.850585938,-0.891601563
1.53471E+12,1.713867188,-1.289550781,-1.447265625
1.53471E+12,3.104003906,-0.202636719,-2.0234375
1.53471E+12,3.282714844,0.046386719,-3.206054688
1.53471E+12,3.857421875,-0.889648438,-4.13671875
1.53471E+12,4.479980469,-0.247558594,-4.237304688
1.53471E+12,4.140136719,0.101074219,-3.742675781
1.53471E+12,2.170898438,-0.774902344,-2.405273438
1.53471E+12,0.712890625,-1.453125,-1.271484375
1.53471E+12,-0.179199219,-1.78515625,-0.61328125
1.53471E+12,-1.0859375,-2.143066406,-0.316894531
1.53471E+12,-1.892578125,-2.422363281,-0.228027344
1.53471E+12,-2.396484375,-2.459960938,-0.129882813
1.53471E+12,-2.505371094,-2.4765625,0.151855469
1.53471E+12,-2.268554688,-2.2734375,0.34765625
1.53471E+12,-2.079589844,-2.015625,0.328613281
1.53471E+12,-1.993652344,-1.935058594,0.255859375
1.53471E+12,-2.053710938,-1.889160156,0.181640625
1.53471E+12,-1.961425781,-1.825195313,0.225097656
1.53471E+12,-1.73828125,-1.797363281,0.341796875
0,0,0,0
1.53471E+12,-1.667480469,-1.751464844,0.538574219
1.53471E+12,-1.391113281,-1.544433594,0.86328125
1.53471E+12,-0.993652344,-1.148925781,0.967285156
1.53471E+12,-1.05859375,-1.219238281,1.662109375
1.53471E+12,-1.141601563,-1.187988281,2.721191406
1.53471E+12,-0.073242188,-1.597167969,3.034179688
1.53471E+12,-1.618164063,-3.461914063,3.099609375
1.53471E+12,-4.892578125,-5.014160156,4.481445313
1.53471E+12,-5.006347656,-4.05859375,4.841796875
1.53471E+12,-3.887207031,-3.758789063,4.040527344
1.53471E+12,-2.654785156,-3.755371094,3.48828125
1.53471E+12,-2.192871094,-2.877441406,2.50390625
1.53471E+12,-2.551269531,-1.919433594,1.451660156
1.53471E+12,-2.424316406,-1.606445313,1.031738281
1.53471E+12,-2.158691406,-1.83203125,0.499511719
1.53471E+12,-1.788085938,-2.047363281,0.062011719
1.53471E+12,-1.540039063,-2.185546875,-0.103515625
1.53471E+12,-1.6328125,-2.341796875,-0.214355469
1.53471E+12,-1.695800781,-2.400390625,-0.330566406
1.53471E+12,-1.675292969,-2.3671875,-0.391601563
1.53471E+12,-1.658691406,-2.306152344,-0.395996094
1.53471E+12,-1.6640625,-2.243652344,-0.408203125
1.53471E+12,-1.639648438,-2.185546875,-0.412109375
1.53471E+12,-1.58984375,-2.072265625,-0.385253906
1.53471E+12,-1.537597656,-1.984375,-0.33984375
1.53471E+12,-1.454589844,-1.987792969,-0.301269531
1.53471E+12,-1.42578125,-2.039550781,-0.258789063
1.53471E+12,-1.052734375,-2.087890625,-0.357421875
1.53471E+12,-0.002441406,-1.837890625,-0.948242188
1.53471E+12,1.327636719,-1.298828125,-1.701171875
1.53471E+12,2.748535156,-0.229003906,-2.143066406
1.53471E+12,4.217773438,0.438476563,-2.392578125
1.53471E+12,5.69921875,0.17578125,-2.919433594
1.53471E+12,5.275878906,0.468261719,-3.319824219
1.53471E+12,4.044433594,0.274902344,-2.969726563
1.53471E+12,2.825195313,-0.412597656,-1.901367188
1.53471E+12,1.311035156,-1.112304688,-1.075195313
1.53471E+12,0.071777344,-1.708496094,-0.495117188
1.53471E+12,-0.8515625,-2.145019531,-0.12890625
1.53471E+12,-1.249023438,-2.188964844,-0.159179688
1.53471E+12,-1.770019531,-2.05859375,-0.200683594
1.53471E+12,-1.839355469,-1.938476563,-0.123046875
1.53471E+12,-1.768066406,-1.822265625,-0.048828125
1.53471E+12,-1.729492188,-1.810058594,-0.060546875
1.53471E+12,-1.611816406,-1.728027344,-0.051757813
1.53471E+12,-1.540527344,-1.665039063,-0.030761719
1.53471E+12,-1.505859375,-1.637207031,-0.001464844
1.53471E+12,-1.350097656,-1.559082031,-0.017578125
1.53471E+12,-1.247558594,-1.571289063,-0.063476563
0,0,0,0
1.53471E+12,-1.333984375,-1.638183594,-0.009277344
1.53471E+12,-1.468261719,-1.719238281,0.209472656
1.53471E+12,-1.455078125,-1.705078125,0.58984375
1.53471E+12,-1.468261719,-1.50390625,1.040527344
1.53471E+12,-1.827636719,-1.3359375,1.934082031
1.53471E+12,-2.373046875,-1.682128906,2.625
1.53471E+12,-3.377441406,-2.66015625,2.983398438
1.53471E+12,-5.833007813,-3.220214844,3.802246094
1.53471E+12,-6.8515625,-2.829101563,4.235839844
1.53471E+12,-6.255371094,-2.803222656,3.357910156
1.53471E+12,-4.972167969,-2.955078125,1.970214844
1.53471E+12,-3.830078125,-1.966308594,1.578125
1.53471E+12,-3.153320313,-1.266601563,1.025390625
1.53471E+12,-2.630371094,-1.046875,0.4296875
1.53471E+12,-2.188476563,-1.15625,0.0859375
1.53471E+12,-1.823730469,-1.503417969,-0.197753906
1.53471E+12,-1.603515625,-1.856933594,-0.359863281
1.53471E+12,-1.614257813,-2.021972656,-0.376953125
1.53471E+12,-1.640136719,-2.035644531,-0.313476563
1.53471E+12,-1.714355469,-2.12109375,-0.337402344
1.53471E+12,-1.8046875,-2.198730469,-0.451171875
1.53471E+12,-1.83203125,-2.210449219,-0.555664063
1.53471E+12,-1.845703125,-2.143066406,-0.496582031
1.53471E+12,-1.726074219,-2.086914063,-0.321777344
1.53471E+12,-1.632324219,-2.049804688,-0.197265625
1.53471E+12,-1.63671875,-2.08203125,-0.217773438
1.53471E+12,-1.542480469,-2.170898438,-0.25
1.53471E+12,-1.060058594,-2.133789063,-0.236328125
1.53471E+12,0.043945313,-2.002929688,-0.610839844
1.53471E+12,1.638183594,-1.521972656,-1.375976563
1.53471E+12,2.339355469,-0.5546875,-1.313964844
1.53471E+12,4.5078125,-0.461914063,-0.739746094
1.53471E+12,6.628417969,-0.776367188,-2.084960938
1.53471E+12,6.662109375,-0.483886719,-3.001953125
1.53471E+12,5.461914063,-0.387207031,-2.547851563
1.53471E+12,3.65234375,-0.817382813,-1.436035156
1.53471E+12,1.363769531,-1.473144531,-0.734863281
1.53471E+12,-0.182128906,-1.964355469,-0.485351563
1.53471E+12,-1.082519531,-2.104980469,-0.30859375
1.53471E+12,-1.777832031,-2.193359375,-0.383300781
1.53471E+12,-1.912597656,-2.292480469,-0.440917969
1.53471E+12,-2.013671875,-2.153808594,-0.428222656
1.53471E+12,-1.89453125,-2.032226563,-0.298828125
1.53471E+12,-1.795898438,-1.899902344,-0.185546875
1.53471E+12,-1.765136719,-1.798828125,-0.160644531
1.53471E+12,-1.743164063,-1.740234375,-0.1484375
1.53471E+12,-1.639160156,-1.709960938,-0.1640625
1.53471E+12,-1.537109375,-1.721679688,-0.176269531
1.53471E+12,-1.434570313,-1.720214844,-0.144042969
0,0,0,0
1.53471E+12,-1.398925781,-1.753417969,-0.046875
1.53471E+12,-1.360839844,-1.818847656,0.030273438
1.53471E+12,-1.519042969,-1.892089844,0.311523438
1.53471E+12,-1.643066406,-1.725097656,1.032714844
1.53471E+12,-1.807617188,-1.265625,1.862792969
1.53471E+12,-2.324707031,-1.5,2.677734375
1.53471E+12,-2.94921875,-2.46484375,3.722167969
1.53471E+12,-3.219238281,-3.49609375,4.820800781
1.53471E+12,-3.458007813,-3.859863281,5.546875
1.53471E+12,-3.4140625,-3.607910156,5.29296875
1.53471E+12,-3.272460938,-3.444824219,3.850585938
1.53471E+12,-3.187988281,-2.435546875,2.810058594
1.53471E+12,-2.706054688,-1.585449219,2.140136719
1.53471E+12,-2.251464844,-1.302734375,1.46484375
1.53471E+12,-1.914550781,-1.324707031,0.880371094
1.53471E+12,-1.662109375,-1.519042969,0.435546875
1.53471E+12,-1.624511719,-1.780761719,0.057128906
1.53471E+12,-1.676269531,-1.9921875,-0.146484375
1.53471E+12,-1.720214844,-2.057128906,-0.140136719
1.53471E+12,-1.743652344,-2.152832031,-0.115722656
1.53471E+12,-1.713378906,-2.200195313,-0.213867188
1.53471E+12,-1.733886719,-2.196289063,-0.286132813
1.53471E+12,-1.738769531,-2.201660156,-0.245117188
1.53471E+12,-1.806640625,-2.219726563,-0.162109375
1.53471E+12,-1.840820313,-2.233886719,-0.111816406
1.53471E+12,-1.793457031,-2.299804688,-0.108886719
1.53471E+12,-1.633300781,-2.327148438,-0.169921875
1.53471E+12,-1.120605469,-2.203125,-0.344726563
1.53471E+12,0.049804688,-1.95703125,-1.013671875
1.53471E+12,1.506835938,-1.259765625,-1.858398438
1.53471E+12,3.012695313,-0.43359375,-2.029296875
1.53471E+12,4.734375,-0.3046875,-2.660644531
1.53471E+12,6.12890625,-0.333007813,-3.837890625
1.53471E+12,5.5546875,0.115722656,-4.271972656
1.53471E+12,4.518554688,-0.147460938,-3.119628906
1.53471E+12,2.297851563,-0.88671875,-1.57421875
1.53471E+12,0.484375,-1.435546875,-0.818847656
1.53471E+12,-0.626953125,-1.918945313,-0.522949219
1.53471E+12,-1.575683594,-2.259765625,-0.516113281
1.53471E+12,-2.368164063,-2.553710938,-0.409667969
1.53471E+12,-2.157226563,-2.426269531,-0.005859375
1.53471E+12,-1.797851563,-1.956542969,0.176757813
1.53471E+12,-1.607910156,-1.729980469,0.120117188
1.53471E+12,-1.53515625,-1.625,0.041992188
1.53471E+12,-1.674804688,-1.641601563,0.038574219
1.53471E+12,-1.575195313,-1.645996094,0.1171875
1.53471E+12,-1.465820313,-1.591796875,0.124023438
1.53471E+12,-1.313964844,-1.544921875,0.079589844
1.53471E+12,-1.235351563,-1.44921875,0.064453125
0,0,0,0
1.53471E+12,-1.287597656,-1.495117188,0.125976563
1.53471E+12,-1.250976563,-1.531738281,0.277832031
1.53471E+12,-1.227050781,-1.521972656,0.500488281
1.53471E+12,-1.3125,-1.460449219,1.029296875
1.53471E+12,-1.620605469,-1.328613281,1.99609375
1.53471E+12,-1.9453125,-1.656738281,2.864746094
1.53471E+12,-2.56640625,-2.537597656,3.586425781
1.53471E+12,-3.658691406,-3.3359375,4.399902344
1.53471E+12,-4.822265625,-3.395019531,5.002929688
1.53471E+12,-4.636230469,-3.372558594,4.240234375
1.53471E+12,-3.880859375,-3.282226563,2.936035156
1.53471E+12,-3.255371094,-2.282226563,2.334960938
1.53471E+12,-2.920898438,-1.520019531,1.525390625
1.53471E+12,-2.721191406,-1.21875,0.923339844
1.53471E+12,-2.342773438,-1.201171875,0.519042969
1.53471E+12,-1.926757813,-1.411621094,0.185546875
1.53471E+12,-1.635742188,-1.654785156,-0.099121094
1.53471E+12,-1.510742188,-1.831542969,-0.302734375
1.53471E+12,-1.471191406,-1.860351563,-0.374023438
1.53471E+12,-1.521972656,-1.857910156,-0.328613281
1.53471E+12,-1.642089844,-1.897949219,-0.342285156
1.53471E+12,-1.764160156,-1.944824219,-0.444824219
1.53471E+12,-1.815917969,-1.986328125,-0.508300781
1.53471E+12,-1.873535156,-2.033203125,-0.451660156
1.53471E+12,-1.751953125,-2.083007813,-0.346679688
1.53471E+12,-1.691894531,-2.027832031,-0.294433594
1.53471E+12,-1.539550781,-2.008789063,-0.234375
1.53471E+12,-0.920898438,-2.0234375,-0.326171875
1.53471E+12,0.196289063,-1.7578125,-0.73046875
1.53471E+12,1.630371094,-1.002929688,-1.133300781
1.53471E+12,2.891601563,-0.048339844,-1.654296875
1.53471E+12,4.326171875,0.48828125,-2.247070313
1.53471E+12,5.483886719,0.305175781,-2.51953125
1.53471E+12,5.07421875,0.389648438,-2.86328125
1.53471E+12,4.192871094,0.3359375,-2.744628906
1.53471E+12,2.868164063,-0.276855469,-1.674804688
1.53471E+12,1.188964844,-1.015625,-0.727539063
1.53471E+12,0.122070313,-1.479003906,-0.276367188
1.53471E+12,-0.530273438,-1.763183594,-0.311035156
1.53471E+12,-1.222167969,-1.961914063,-0.505859375
1.53471E+12,-1.726074219,-2.008300781,-0.5546875
1.53471E+12,-1.545410156,-1.803222656,-0.224609375
1.53471E+12,-1.283691406,-1.536132813,-0.016601563
1.53471E+12,-1.174316406,-1.394042969,0.002929688
1.53471E+12,-1.111816406,-1.356445313,-0.059082031
1.53471E+12,-1.1875,-1.413574219,-0.137695313
1.53471E+12,-1.239746094,-1.441894531,-0.154785156
1.53471E+12,-1.166503906,-1.41796875,-0.128417969
1.53471E+12,-1.135253906,-1.368164063,-0.102050781
1.53471E+12,-1.095703125,-1.311035156,-0.0625
0,0,0,0